City_ID,City,Country,Date,Lat,Lng,Max Temp,Humidity,Cloudiness,Wind Speed
0,Bouafle,CI,2020-02-23 04:14:42,6.99,-5.74,78.8,88,1,6.93
1,Talnakh,RU,2020-02-23 04:13:31,69.49,88.4,8.6,92,75,29.08
2,Bandundu,CD,2020-02-23 04:14:42,-3.32,17.37,76.41,86,99,3.58
3,Iracoubo,GF,2020-02-23 04:14:43,5.48,-53.2,79.18,86,98,18.48
4,Tuatapere,NZ,2020-02-23 04:12:47,-46.13,167.68,61.0,75,40,15.99
5,East London,ZA,2020-02-23 04:11:50,-33.02,27.91,67.21,67,92,17.0
6,Hithadhoo,MV,2020-02-23 04:13:08,-0.6,73.08,83.25,79,100,17.49
7,Kodiak,US,2020-02-23 04:13:47,57.79,-152.41,19.4,62,90,13.87
8,Aklavik,CA,2020-02-23 04:14:06,68.22,-135.01,-0.4,77,90,4.7
9,Busselton,AU,2020-02-23 04:12:43,-33.65,115.33,87.01,30,99,10.38
10,Norman Wells,CA,2020-02-23 04:12:28,65.28,-126.83,5.0,84,75,2.24
11,Espinosa,BR,2020-02-23 04:14:44,-14.93,-42.82,69.1,96,100,4.27
12,Dudinka,RU,2020-02-23 04:14:44,69.41,86.18,8.6,92,75,29.08
13,Half Moon Bay,US,2020-02-23 04:14:45,37.46,-122.43,54.0,87,40,8.05
14,Souillac,MU,2020-02-23 04:14:09,-20.52,57.52,82.0,88,40,6.49
15,Burns Lake,CA,2020-02-23 04:14:45,54.23,-125.75,20.26,87,68,2.59
16,Rikitea,PF,2020-02-23 04:12:44,-23.12,-134.97,79.86,66,12,6.15
17,Arlit,NE,2020-02-23 04:14:45,18.74,7.39,72.59,15,62,19.48
18,Albany,US,2020-02-23 04:10:27,42.6,-73.97,30.0,68,1,3.36
19,Kruisfontein,ZA,2020-02-23 04:14:42,-34.0,24.73,55.51,83,28,1.88
20,Bukachacha,RU,2020-02-23 04:14:46,52.98,116.92,15.4,75,1,4.03
21,Barrow,US,2020-02-23 04:11:46,71.29,-156.79,-20.2,75,1,8.05
22,Touros,BR,2020-02-23 04:14:47,-5.2,-35.46,80.6,88,40,5.82
23,Luena,AO,2020-02-23 04:14:47,-11.78,19.92,64.78,95,100,4.43
24,Barcelos,PT,2020-02-23 04:14:48,41.54,-8.62,44.6,100,0,3.36
25,Fukue,JP,2020-02-23 04:13:53,32.69,128.84,51.8,40,20,8.05
26,Dapaong,TG,2020-02-23 04:14:48,10.86,0.2,81.0,15,4,13.22
27,Dickson,US,2020-02-23 04:13:48,36.08,-87.39,39.2,41,1,4.7
28,Vaini,TO,2020-02-23 04:12:55,-21.2,-175.2,84.2,79,75,12.75
29,Castro,BR,2020-02-23 04:12:08,-24.79,-50.01,57.97,90,79,9.42
30,Ingham,US,2020-02-23 04:14:49,42.6,-84.38,39.2,55,1,3.36
31,Namibe,AO,2020-02-23 04:14:10,-15.2,12.15,75.56,77,84,12.39
32,Toktogul,KG,2020-02-23 04:14:49,41.87,72.94,26.01,74,100,0.56
33,Torbay,CA,2020-02-23 04:13:05,47.67,-52.73,28.99,79,90,20.8
34,Chuy,UY,2020-02-23 04:14:50,-33.7,-53.46,59.22,88,0,4.97
35,Skjervoy,NO,2020-02-23 04:14:50,70.03,20.97,36.61,70,95,11.43
36,Cape Town,ZA,2020-02-23 04:12:40,-33.93,18.42,64.0,67,0,9.17
37,Salalah,OM,2020-02-23 04:13:08,17.02,54.09,69.8,77,40,5.82
38,Puerto Ayora,EC,2020-02-23 04:11:58,-0.74,-90.35,77.0,100,67,4.61
39,Upernavik,GL,2020-02-23 04:13:37,72.79,-56.15,-13.61,91,42,2.84
40,Sao Filipe,CV,2020-02-23 04:13:26,14.9,-24.5,68.05,80,100,12.15
41,Cherskiy,RU,2020-02-23 04:12:36,68.75,161.3,-17.18,94,94,5.64
42,Grootfontein,NA,2020-02-23 04:14:52,-19.57,18.12,66.97,78,17,8.05
43,Aban,RU,2020-02-23 04:12:05,56.67,96.06,13.41,94,69,2.82
44,Saskylakh,RU,2020-02-23 04:12:51,71.92,114.08,5.07,95,100,9.22
45,Miri,MY,2020-02-23 04:14:53,4.41,114.01,87.8,70,75,9.17
46,Kaeo,NZ,2020-02-23 04:14:53,-35.1,173.78,75.99,61,80,1.01
47,Rioblanco,CO,2020-02-23 04:14:53,3.53,-75.68,67.35,91,85,1.88
48,Bubaque,GW,2020-02-23 04:14:53,11.28,-15.83,78.66,69,69,13.2
49,Hobart,AU,2020-02-23 04:12:45,-42.88,147.33,79.0,52,20,18.34
50,Bredasdorp,ZA,2020-02-23 04:11:59,-34.53,20.04,60.01,82,21,4.7
51,Saryg-Sep,RU,2020-02-23 04:14:54,51.5,95.6,19.2,94,100,2.53
52,Vestmannaeyjar,IS,2020-02-23 04:13:01,63.44,-20.27,32.0,55,20,12.75
53,Vostok,RU,2020-02-23 04:14:54,46.49,135.88,15.19,88,93,6.89
54,Saint-Philippe,RE,2020-02-23 04:12:45,-21.36,55.77,78.8,65,75,3.36
55,Yar-Sale,RU,2020-02-23 04:13:38,66.83,70.83,21.52,92,73,16.93
56,Tadine,NC,2020-02-23 04:10:37,-21.55,167.88,82.2,64,42,12.82
57,Mataura,NZ,2020-02-23 04:12:08,-46.19,168.86,61.0,75,75,15.99
58,Bluff,NZ,2020-02-23 04:12:58,-46.6,168.33,61.0,75,70,15.99
59,Nikolskoye,RU,2020-02-23 04:12:55,59.7,30.79,39.2,84,40,13.42
60,Volga,RU,2020-02-23 04:14:56,57.95,38.39,32.52,95,100,22.3
61,Aragarcas,BR,2020-02-23 04:14:56,-15.9,-52.25,72.5,93,69,4.12
62,Evreux,FR,2020-02-23 04:14:56,49.02,1.15,52.0,93,90,19.46
63,Sao Joao Da Barra,BR,2020-02-23 04:14:13,-21.64,-41.05,73.72,91,100,3.42
64,Sao Felix Do Xingu,BR,2020-02-23 04:14:57,-6.64,-51.99,73.0,96,100,0.76
65,Qaanaaq,GL,2020-02-23 04:13:02,77.48,-69.36,-13.34,83,98,2.57
66,Ushuaia,AR,2020-02-23 04:12:42,-54.8,-68.3,50.0,71,40,25.28
67,Sistranda,NO,2020-02-23 04:14:57,63.73,8.83,39.2,86,75,25.28
68,Kavieng,PG,2020-02-23 04:13:14,-2.57,150.8,84.52,70,0,9.89
69,Guarapari,BR,2020-02-23 04:14:58,-20.67,-40.5,75.2,88,90,14.99
70,Tiksi,RU,2020-02-23 04:14:58,71.69,128.87,-10.32,92,98,5.93
71,Beringovskiy,RU,2020-02-23 04:12:06,63.05,179.32,-8.12,93,0,4.23
72,San Jose,US,2020-02-23 04:12:29,37.34,-121.89,54.0,76,40,5.82
73,Maniitsoq,GL,2020-02-23 04:13:32,65.42,-52.9,9.55,62,89,8.39
74,Punta Arenas,CL,2020-02-23 04:12:44,-53.15,-70.92,51.01,66,20,9.17
75,Moron,AR,2020-02-23 04:14:59,-34.65,-58.62,66.2,82,0,4.7
76,Cidreira,BR,2020-02-23 04:13:34,-30.18,-50.21,70.12,64,3,6.67
77,Hermanus,ZA,2020-02-23 04:12:00,-34.42,19.23,62.01,87,0,5.01
78,Mehamn,NO,2020-02-23 04:15:00,71.04,27.85,25.92,86,0,11.97
79,Thompson,CA,2020-02-23 04:13:06,55.74,-97.86,19.4,67,75,5.82
80,Hilo,US,2020-02-23 04:11:35,19.73,-155.09,78.8,54,1,11.41
81,Sorland,NO,2020-02-23 04:13:23,67.67,12.69,38.25,71,100,28.54
82,Mineral Wells,US,2020-02-23 04:15:01,32.81,-98.11,52.0,66,1,4.7
83,Ola,RU,2020-02-23 04:15:01,59.58,151.28,0.57,86,100,1.43
84,Goias,BR,2020-02-23 04:15:01,-15.58,-49.64,69.33,94,100,1.77
85,Cururupu,BR,2020-02-23 04:15:02,-1.83,-44.87,73.8,98,94,4.81
86,Avarua,CK,2020-02-23 04:09:32,-21.21,-159.78,84.2,79,98,5.82
87,Bengkulu,ID,2020-02-23 04:13:32,-3.8,102.27,87.21,55,0,2.89
88,Rio Grande,BR,2020-02-23 04:12:52,-32.03,-52.1,59.0,94,8,10.85
89,New Norfolk,AU,2020-02-23 04:12:50,-42.78,147.06,79.0,52,20,18.34
90,Mahebourg,MU,2020-02-23 04:11:56,-20.41,57.7,82.0,88,40,6.49
91,Zabol,AF,2020-02-23 04:15:03,32.25,67.25,31.59,68,0,4.14
92,Evensk,RU,2020-02-23 04:15:03,61.95,159.23,-5.19,93,100,2.44
93,Atuona,PF,2020-02-23 04:12:56,-9.8,-139.03,81.77,77,0,12.37
94,Yellowknife,CA,2020-02-23 04:12:48,62.46,-114.35,-4.0,70,40,5.82
95,Mount Isa,AU,2020-02-23 04:15:04,-20.73,139.5,89.6,52,75,10.29
96,Megion,RU,2020-02-23 04:15:04,61.03,76.11,5.0,92,0,6.71
97,Dakar,SN,2020-02-23 04:12:57,14.69,-17.44,69.8,94,100,16.11
98,Pocone,BR,2020-02-23 04:15:04,-16.26,-56.62,70.84,99,100,1.34
99,Kurilsk,RU,2020-02-23 04:15:04,45.23,147.88,31.5,91,93,12.17
100,Itarema,BR,2020-02-23 04:15:05,-2.92,-39.92,73.72,94,100,2.33
101,Halifax,CA,2020-02-23 04:11:31,44.65,-63.57,28.0,73,20,9.17
102,Mainaguri,IN,2020-02-23 04:15:05,26.57,88.82,74.59,34,0,4.94
103,Smidovich,RU,2020-02-23 04:15:05,48.6,133.82,10.67,82,0,7.67
104,Lata,PT,2020-02-23 04:12:49,40.16,-8.33,55.99,93,0,3.36
105,Kahului,US,2020-02-23 04:14:04,20.89,-156.47,82.4,57,40,5.82
106,Shimoda,JP,2020-02-23 04:15:06,34.67,138.95,55.4,47,20,16.11
107,Otacilio Costa,BR,2020-02-23 04:15:06,-27.48,-50.12,50.63,97,10,1.61
108,Kapaa,US,2020-02-23 04:12:40,22.08,-159.32,78.8,73,40,6.93
109,Kununurra,AU,2020-02-23 04:15:07,-15.77,128.73,100.4,25,17,9.17
110,Vestmanna,FO,2020-02-23 04:15:07,62.16,-7.17,33.8,80,100,8.05
111,Santa Isabel Do Rio Negro,BR,2020-02-23 04:12:59,-0.41,-65.02,78.91,75,100,3.2
112,Roros,NO,2020-02-23 04:15:07,62.57,11.38,30.2,86,90,17.22
113,Severo-Kurilsk,RU,2020-02-23 04:12:14,50.68,156.12,18.55,85,100,12.68
114,Prince Rupert,CA,2020-02-23 04:15:08,54.32,-130.32,37.4,74,75,4.92
115,Stokmarknes,NO,2020-02-23 04:15:08,68.56,14.91,37.99,69,100,10.0
116,Ponta Do Sol,PT,2020-02-23 04:13:00,32.67,-17.1,70.0,72,20,19.46
117,San Pedro Pinula,GT,2020-02-23 04:15:08,14.67,-89.85,57.31,96,16,6.13
118,Ilulissat,GL,2020-02-23 04:12:00,69.22,-51.1,-0.4,49,100,16.11
119,Quelimane,MZ,2020-02-23 04:15:09,-17.88,36.89,73.62,90,100,4.23
120,Skibotn,NO,2020-02-23 04:15:09,69.39,20.27,35.6,80,75,27.51
121,Baykit,RU,2020-02-23 04:12:50,61.67,96.37,12.11,94,67,2.26
122,Havre-Saint-Pierre,CA,2020-02-23 04:13:05,50.23,-63.6,28.4,86,90,11.41
123,Berdigestyakh,RU,2020-02-23 04:15:10,62.1,126.7,-1.57,93,100,2.73
124,Victoria,HK,2020-02-23 04:11:50,22.29,114.16,75.0,49,28,12.75
125,Yulara,AU,2020-02-23 04:13:54,-25.24,130.99,91.4,9,0,9.17
126,Yatou,CN,2020-02-23 04:10:47,37.15,122.38,42.71,49,0,13.27
127,Port Alfred,ZA,2020-02-23 04:12:50,-33.59,26.89,62.01,88,16,3.0
128,Port Lincoln,AU,2020-02-23 04:13:48,-34.73,135.87,82.49,32,1,8.75
129,San Policarpo,PH,2020-02-23 04:13:43,12.18,125.51,81.16,74,0,12.24
130,Jamestown,US,2020-02-23 04:11:51,42.1,-79.24,37.99,75,1,8.05
131,Bend,US,2020-02-23 04:15:12,44.06,-121.32,43.0,51,1,3.36
132,Tuktoyaktuk,CA,2020-02-23 04:12:57,69.45,-133.04,1.4,84,90,3.36
133,Calama,CL,2020-02-23 04:15:12,-22.47,-68.93,59.0,58,53,10.29
134,Flinders,AU,2020-02-23 04:13:30,-34.58,150.86,79.0,57,40,11.41
135,Polonnaruwa,LK,2020-02-23 04:15:12,7.93,81.0,78.31,86,29,8.75
136,Ribeira Grande,PT,2020-02-23 04:11:57,38.52,-28.7,53.44,80,8,10.07
137,Leningradskiy,RU,2020-02-23 04:13:43,69.38,178.42,-12.05,95,100,6.04
138,Wageningen,NL,2020-02-23 04:15:13,51.97,5.67,48.2,93,75,13.87
139,Longyearbyen,SJ,2020-02-23 04:12:51,78.22,15.64,-4.0,70,20,11.41
140,Klaksvik,FO,2020-02-23 04:13:02,62.23,-6.59,33.8,80,100,8.05
141,Etah,IN,2020-02-23 04:15:14,27.63,78.67,63.72,71,0,5.91
142,Puerto Colombia,CO,2020-02-23 04:15:14,10.99,-74.95,77.0,83,40,16.11
143,Inirida,CO,2020-02-23 04:15:14,3.87,-67.92,77.07,88,66,1.95
144,Arkhipo-Osipovka,RU,2020-02-23 04:15:14,44.37,38.52,37.92,92,91,3.53
145,Zemio,CF,2020-02-23 04:15:15,5.03,25.14,66.52,24,100,3.27
146,Bang Saphan,TH,2020-02-23 04:15:15,11.21,99.51,84.2,74,75,8.05
147,Road Town,VG,2020-02-23 04:15:15,18.42,-64.62,77.0,78,1,3.36
148,Hofn,IS,2020-02-23 04:13:32,64.25,-15.21,30.97,94,100,3.62
149,Salta,AR,2020-02-23 04:15:16,-24.79,-65.41,57.2,93,75,2.24
150,Salinas,US,2020-02-23 04:15:16,36.68,-121.66,54.0,76,90,9.17
151,Praia,CV,2020-02-23 04:15:16,14.92,-23.51,69.8,73,100,20.8
152,Butaritari,KI,2020-02-23 04:11:54,3.07,172.79,84.38,77,41,12.08
153,Vila Velha,BR,2020-02-23 04:09:38,-20.33,-40.29,75.2,88,90,14.99
154,Sumbe,AO,2020-02-23 04:15:17,-11.21,13.84,79.23,88,100,2.82
155,Tabas,IR,2020-02-23 04:15:17,33.6,56.92,51.8,62,0,4.7
156,Plettenberg Bay,ZA,2020-02-23 04:13:36,-34.05,23.37,61.68,76,73,7.72
157,Krasnyy Chikoy,RU,2020-02-23 04:15:17,50.36,108.75,17.71,89,100,4.56
158,San Patricio,MX,2020-02-23 04:13:13,19.22,-104.7,76.64,81,0,9.46
159,Linqiong,CN,2020-02-23 04:13:17,30.42,103.46,57.0,71,40,1.12
160,Coahuayana,MX,2020-02-23 04:13:42,18.73,-103.68,71.1,85,0,3.76
161,Arboletes,CO,2020-02-23 04:15:18,8.85,-76.43,80.6,74,40,8.05
162,Zambezi,ZM,2020-02-23 04:15:18,-13.54,23.1,68.52,95,100,3.11
163,Lingyuan,CN,2020-02-23 04:15:19,41.24,119.4,43.3,22,100,19.51
164,Padang,ID,2020-02-23 04:12:56,-0.95,100.35,78.33,62,0,7.67
165,Carballo,ES,2020-02-23 04:15:19,43.21,-8.69,48.0,100,90,1.41
166,Carnarvon,AU,2020-02-23 04:11:48,-24.87,113.63,82.4,58,0,9.17
167,Durres,AL,2020-02-23 04:15:20,41.32,19.44,32.0,51,68,3.36
168,Iskateley,RU,2020-02-23 04:15:20,67.68,53.15,32.31,88,100,24.76
169,Grand Gaube,MU,2020-02-23 04:15:20,-20.01,57.66,82.0,88,40,10.04
170,North Bend,US,2020-02-23 04:15:21,43.41,-124.22,48.99,93,75,5.82
171,Kloulklubed,PW,2020-02-23 04:15:21,7.04,134.26,84.2,74,75,12.75
172,Codrington,AU,2020-02-23 04:13:28,-38.27,141.97,62.46,74,0,10.89
173,Iqaluit,CA,2020-02-23 04:15:21,63.75,-68.51,-31.0,59,20,14.99
174,San Quintin,MX,2020-02-23 04:13:01,30.48,-115.95,57.97,75,0,7.92
175,Katsuura,JP,2020-02-23 04:12:52,35.13,140.3,60.01,50,20,19.46
176,Arraial Do Cabo,BR,2020-02-23 04:12:09,-22.97,-42.03,74.1,81,100,14.97
177,Huilong,CN,2020-02-23 04:15:22,31.81,121.66,57.0,45,0,7.0
178,Ngunguru,NZ,2020-02-23 04:15:22,-35.62,174.5,72.99,51,33,11.97
179,Deputatskiy,RU,2020-02-23 04:12:06,69.3,139.9,-7.67,96,97,1.23
180,Araouane,ML,2020-02-23 04:15:23,18.9,-3.53,76.21,12,80,12.08
181,Broken Hill,AU,2020-02-23 04:15:01,-31.95,141.43,86.0,28,0,5.82
182,Upington,ZA,2020-02-23 04:15:23,-28.45,21.26,68.0,64,0,4.7
183,Praya,CV,2020-02-23 04:15:05,14.92,-23.51,69.8,73,100,20.8
184,Dali,CN,2020-02-23 04:15:24,25.7,100.18,59.11,46,43,4.43
185,Crestline,US,2020-02-23 04:15:24,34.24,-117.29,57.0,81,90,3.36
186,Aanekoski,FI,2020-02-23 04:15:25,62.6,25.73,34.0,80,90,16.11
187,Okato,NZ,2020-02-23 04:15:25,-39.2,173.88,66.99,46,18,15.01
188,Waddan,LY,2020-02-23 04:15:25,29.16,16.14,49.48,80,0,7.52
189,Komsomolskiy,UZ,2020-02-23 04:13:22,40.43,71.72,44.6,87,63,4.7
190,Mar Del Plata,AR,2020-02-23 04:10:23,-38.0,-57.56,59.0,93,0,2.24
191,Le Creusot,FR,2020-02-23 04:15:26,46.81,4.42,43.0,94,76,3.36
192,Kapit,MY,2020-02-23 04:15:26,2.02,112.93,88.07,56,29,2.28
193,Qasigiannguit,GL,2020-02-23 04:13:25,68.82,-51.19,-0.4,49,100,16.11
194,Cabo San Lucas,MX,2020-02-23 04:13:19,22.89,-109.91,73.4,43,40,10.29
195,Windsor,CA,2020-02-23 04:15:10,42.3,-83.02,37.99,69,1,9.17
196,Port Elizabeth,ZA,2020-02-23 04:13:20,-33.92,25.57,57.2,87,20,5.82
197,Belyy Yar,RU,2020-02-23 04:12:52,53.6,91.39,23.0,79,100,6.71
198,Georgetown,MY,2020-02-23 04:13:19,5.41,100.34,86.0,62,20,10.29
199,Palmas Bellas,PA,2020-02-23 04:15:27,9.23,-80.09,77.0,83,20,13.87
200,Ambilobe,MG,2020-02-23 04:13:03,-13.2,49.05,73.49,91,33,4.52
201,Kirakira,SB,2020-02-23 04:13:54,-10.45,161.92,83.34,81,9,7.0
202,Cockburn Town,TC,2020-02-23 04:15:28,21.46,-71.14,76.06,81,44,17.38
203,Hambantota,LK,2020-02-23 04:15:28,6.12,81.12,82.4,88,75,13.87
204,Kapoeta,SS,2020-02-23 04:15:29,4.77,33.59,85.32,43,74,4.45
205,Eregli,TR,2020-02-23 04:15:29,37.51,34.05,35.29,83,93,3.02
206,Zhangjiakou,CN,2020-02-23 04:15:29,40.81,114.88,30.07,22,0,6.55
207,Coos Bay,US,2020-02-23 04:15:29,43.37,-124.22,48.99,93,75,5.82
208,Hammerfest,NO,2020-02-23 04:15:30,70.66,23.68,32.0,75,100,10.29
209,Pemba,MZ,2020-02-23 04:15:30,-12.97,40.52,80.6,94,75,8.05
210,Lebu,CL,2020-02-23 04:12:50,-37.62,-73.65,50.9,97,5,3.33
211,Port Hardy,CA,2020-02-23 04:12:47,50.7,-127.42,42.8,81,90,14.99
212,Bambous Virieux,MU,2020-02-23 04:12:41,-20.34,57.76,82.0,88,40,8.48
213,Ostrovnoy,RU,2020-02-23 04:12:59,68.05,39.51,30.06,90,100,22.26
214,Geraldton,AU,2020-02-23 04:14:05,-28.77,114.6,87.8,45,40,5.82
215,Impfondo,CG,2020-02-23 04:15:31,1.64,18.07,73.96,83,100,3.38
216,Mayor Pablo Lagerenza,PY,2020-02-23 04:13:35,-19.93,-60.77,66.87,44,0,4.92
217,Huaihua,CN,2020-02-23 04:12:05,27.55,109.96,56.3,78,100,2.53
218,Sibolga,ID,2020-02-23 04:15:32,1.74,98.78,84.38,54,0,3.71
219,Derzhavinsk,KZ,2020-02-23 04:15:32,51.1,66.32,21.06,94,100,2.3
220,San Bartolome De Tirajana,ES,2020-02-23 04:15:32,27.92,-15.57,75.2,33,52,10.29
221,Westport,US,2020-02-23 04:13:11,41.14,-73.36,39.99,58,1,5.82
222,Kidal,ML,2020-02-23 04:11:50,18.44,1.41,70.92,11,79,11.34
223,Dhidhdhoo,MV,2020-02-23 04:13:33,6.88,73.1,83.71,74,100,17.11
224,Petrovskiy,RU,2020-02-23 04:15:33,56.64,40.32,30.58,86,100,24.4
225,Chokurdakh,RU,2020-02-23 04:08:56,70.63,147.92,-12.05,96,100,1.39
226,Lompoc,US,2020-02-23 04:15:34,34.64,-120.46,55.99,71,90,9.17
227,Tuy Hoa,VN,2020-02-23 04:15:34,13.08,109.3,75.52,74,37,21.34
228,Tura,IN,2020-02-23 04:13:27,25.52,90.22,77.29,39,100,4.03
229,Annau,TM,2020-02-23 04:15:34,37.89,58.52,46.4,87,75,6.93
230,Khorixas,NA,2020-02-23 04:15:34,-20.37,14.97,71.19,60,7,3.0
231,Provideniya,RU,2020-02-23 04:12:06,64.38,-173.3,-9.22,82,0,2.42
232,Rockland,US,2020-02-23 04:15:35,41.17,-74.05,42.01,58,1,5.82
233,Lavos,PT,2020-02-23 04:15:35,40.09,-8.83,55.99,93,0,3.36
234,Ballina,AU,2020-02-23 04:15:35,-28.87,153.57,77.0,73,100,12.75
235,Vanimo,PG,2020-02-23 04:12:09,-2.67,141.3,82.38,80,32,13.24
236,Laguna,US,2020-02-23 04:13:55,38.42,-121.42,57.0,81,1,9.17
237,Guna,IN,2020-02-23 04:15:36,24.65,77.32,63.16,67,0,7.63
238,Fairbanks,US,2020-02-23 04:11:52,64.84,-147.72,8.6,71,90,12.75
239,Bom Jesus Da Lapa,BR,2020-02-23 04:13:48,-13.26,-43.42,78.8,83,100,5.82
240,Espanola,US,2020-02-23 04:11:07,35.99,-106.08,43.0,100,90,9.17
241,Saldanha,ZA,2020-02-23 04:13:53,-33.01,17.94,64.4,59,0,11.41
242,Saint-Denis,FR,2020-02-23 04:15:37,48.92,2.33,51.01,93,90,13.87
243,Airai,TL,2020-02-23 04:12:46,-8.93,125.41,83.41,54,0,3.94
244,Los Llanos De Aridane,ES,2020-02-23 04:15:38,28.66,-17.92,73.4,46,100,16.11
245,Shenjiamen,CN,2020-02-23 04:14:09,29.96,122.3,51.08,61,0,9.6
246,Cayenne,GF,2020-02-23 04:13:17,4.93,-52.33,80.6,83,90,5.82
247,Arica,CL,2020-02-23 04:11:36,-18.48,-70.3,75.2,69,90,6.29
248,Takaungu,KE,2020-02-23 04:15:39,-3.68,39.86,77.0,94,40,3.36
249,Trinidad,BO,2020-02-23 04:14:09,-14.83,-64.9,68.16,63,100,1.25
250,Cap Malheureux,MU,2020-02-23 04:15:19,-19.98,57.61,82.0,88,40,10.04
251,Iquitos,PE,2020-02-23 04:11:52,-3.75,-73.25,73.4,94,100,5.82
252,Opuwo,NA,2020-02-23 04:15:40,-18.06,13.84,66.69,29,100,2.39
253,Pangoa,PE,2020-02-23 04:15:40,-12.12,-73.0,69.12,100,100,1.79
254,Lagoa,PT,2020-02-23 04:13:48,39.05,-27.98,58.55,77,0,13.73
255,Kangaatsiaq,GL,2020-02-23 04:15:40,68.31,-53.46,1.83,98,95,17.56
256,Andenes,NO,2020-02-23 04:15:41,69.31,16.12,35.01,73,100,18.34
257,Dingle,PH,2020-02-23 04:12:57,11.0,122.67,81.34,69,24,15.93
258,Kaitangata,NZ,2020-02-23 04:13:02,-46.28,169.85,68.0,55,94,8.01
259,Luderitz,NA,2020-02-23 04:12:00,-26.65,15.16,66.2,77,0,14.99
260,Hovd,MN,2020-02-23 04:13:14,48.01,91.64,27.23,54,100,5.77
261,Henties Bay,NA,2020-02-23 04:14:13,-22.12,14.28,63.0,91,39,3.0
262,Villa Bruzual,VE,2020-02-23 04:15:42,9.33,-69.12,77.25,60,64,13.71
263,Toul,FR,2020-02-23 04:15:42,48.67,5.92,50.0,87,90,16.11
264,Kismayo,SO,2020-02-23 04:15:42,-0.36,42.55,81.34,85,57,17.36
265,Catuday,PH,2020-02-23 04:15:42,16.29,119.81,74.46,64,3,1.36
266,Faanui,PF,2020-02-23 04:12:54,-16.48,-151.75,83.26,69,51,8.03
267,Mogzon,RU,2020-02-23 04:15:43,51.74,111.96,13.37,84,18,10.76
268,Gravelbourg,CA,2020-02-23 04:15:43,49.88,-106.55,29.26,91,100,19.64
269,Chiredzi,ZW,2020-02-23 04:15:43,-21.05,31.67,74.01,82,7,2.8
270,Nanortalik,GL,2020-02-23 04:12:25,60.14,-45.24,25.9,83,100,18.19
271,Narsaq,GL,2020-02-23 04:13:14,60.92,-46.05,24.8,73,100,13.87
272,Honningsvag,NO,2020-02-23 04:15:44,70.98,25.97,32.94,79,100,20.33
273,Kudahuvadhoo,MV,2020-02-23 04:15:44,2.67,72.89,83.5,78,100,19.06
274,Aksu,CN,2020-02-23 04:15:45,41.12,80.26,37.24,42,0,2.59
275,Abu Samrah,SY,2020-02-23 04:15:45,35.3,37.18,46.2,90,79,1.59
276,Lethem,GY,2020-02-23 04:12:05,3.38,-59.8,84.69,44,47,9.28
277,Bethel,US,2020-02-23 04:13:29,41.37,-73.41,36.0,58,1,5.82
278,Gualeguay,AR,2020-02-23 04:15:46,-33.14,-59.31,58.51,53,0,5.61
279,Tevriz,RU,2020-02-23 04:15:47,57.51,72.4,3.65,97,77,0.6
280,Watsa,CD,2020-02-23 04:15:47,3.04,29.54,70.7,70,92,2.21
281,Khatanga,RU,2020-02-23 04:13:09,71.97,102.5,11.23,78,100,16.13
282,Irati,BR,2020-02-23 04:15:47,-25.47,-50.65,57.52,91,59,4.54
283,Lahad Datu,MY,2020-02-23 04:15:48,5.03,118.33,85.37,63,79,7.36
284,The Valley,AI,2020-02-23 04:14:45,18.22,-63.06,77.0,78,3,5.82
285,Gobabis,NA,2020-02-23 04:15:48,-22.45,18.97,71.6,83,100,3.36
286,Taywarah,AF,2020-02-23 04:15:48,33.35,64.42,24.98,65,0,4.25
287,Vardo,NO,2020-02-23 04:12:50,70.37,31.11,32.88,80,67,17.11
288,Evinayong,GQ,2020-02-23 04:15:49,1.44,10.55,70.02,98,100,1.25
289,Kiunga,PG,2020-02-23 04:15:49,-6.12,141.29,93.52,48,88,6.67
290,Olafsvik,IS,2020-02-23 04:13:39,64.89,-23.71,30.76,76,94,7.76
291,Sochi,RU,2020-02-23 04:11:16,43.6,39.73,44.6,93,90,10.49
292,Saravan,AM,2020-02-23 04:15:50,39.72,45.65,35.6,93,75,4.7
293,Ust-Kuyga,RU,2020-02-23 04:15:50,70.02,135.6,-10.44,98,90,3.65
294,Dikson,RU,2020-02-23 04:11:54,73.51,80.55,18.16,93,100,22.24
295,Batagay-Alyta,RU,2020-02-23 04:15:51,67.8,130.41,-10.66,84,100,4.0
296,Chaiya,TH,2020-02-23 04:15:51,9.39,99.2,90.0,62,20,9.17
297,Pangnirtung,CA,2020-02-23 04:13:16,66.15,-65.71,-33.81,95,56,3.78
298,Tasiilaq,GL,2020-02-23 04:12:04,65.61,-37.64,14.0,72,0,1.12
299,Saint George,US,2020-02-23 04:12:52,37.1,-113.58,45.0,93,90,3.36
300,Bathsheba,BB,2020-02-23 04:15:52,13.22,-59.52,77.0,83,40,6.93
301,Hay River,CA,2020-02-23 04:12:41,60.82,-115.8,1.4,91,20,6.69
302,Valparaiso,CL,2020-02-23 04:13:21,-33.04,-71.63,55.4,87,0,4.7
303,Avera,US,2020-02-23 04:13:40,33.19,-82.53,41.0,48,1,2.91
304,Seoul,KR,2020-02-23 04:14:37,37.57,126.98,44.6,28,1,2.24
305,Kharsia,IN,2020-02-23 04:15:53,21.97,83.12,75.18,39,0,5.5
306,Olga,RU,2020-02-23 04:15:53,43.74,135.29,27.48,52,99,24.54
307,Staryy Nadym,RU,2020-02-23 04:15:53,65.61,72.68,22.46,89,91,20.51
308,Shepsi,RU,2020-02-23 04:15:53,44.04,39.15,46.47,84,100,9.55
309,Jumla,NP,2020-02-23 04:15:54,29.27,82.18,36.75,48,41,3.11
310,Vao,NC,2020-02-23 04:13:53,-22.67,167.48,79.02,76,8,14.29
311,Dongli,CN,2020-02-23 04:15:54,23.57,116.82,68.0,52,0,4.47
312,Waitati,NZ,2020-02-23 04:15:03,-45.75,170.57,66.99,53,95,1.01
313,Kropotkin,RU,2020-02-23 04:15:54,45.44,40.58,40.35,93,100,8.43
314,Nizhniy Kuranakh,RU,2020-02-23 04:15:55,58.84,125.49,10.06,86,99,2.24
315,Hasaki,JP,2020-02-23 04:14:49,35.73,140.83,59.0,26,20,18.34
316,Maltahohe,NA,2020-02-23 04:15:55,-24.83,16.98,66.92,62,0,8.68
317,Guangzhou,CN,2020-02-23 04:13:44,23.12,113.25,79.0,60,0,4.47
318,Chara,RU,2020-02-23 04:13:09,56.91,118.26,6.46,82,100,1.12
319,Vila Franca Do Campo,PT,2020-02-23 04:12:12,37.72,-25.43,57.2,82,75,4.7
320,Santiago Del Estero,AR,2020-02-23 04:15:56,-27.8,-64.26,65.01,43,48,7.09
321,Aguimes,ES,2020-02-23 04:15:56,27.91,-15.45,75.2,33,52,10.29
322,Panchagarh,BD,2020-02-23 04:15:57,26.33,88.56,75.34,34,0,5.14
323,Tual,ID,2020-02-23 04:14:17,-5.67,132.75,82.72,76,53,14.67
324,Kargasok,RU,2020-02-23 04:15:57,59.06,80.86,-1.25,91,0,4.59
325,Coihaique,CL,2020-02-23 04:13:57,-45.58,-72.07,66.2,89,6,8.05
326,Constitucion,CL,2020-02-23 04:14:02,-35.33,-72.42,51.35,92,16,3.13
327,Oktyabrskoye,RU,2020-02-23 04:13:52,43.06,44.74,33.8,100,90,4.47
328,Nome,US,2020-02-23 04:14:08,64.5,-165.41,-5.8,76,75,8.05
329,Kenai,US,2020-02-23 04:15:58,60.55,-151.26,16.0,78,90,5.82
330,Kaoma,ZM,2020-02-23 04:15:58,-14.78,24.8,66.25,94,100,1.77
331,Xuanzhou,CN,2020-02-23 04:15:58,30.95,118.76,58.93,50,2,7.34
332,Alofi,NU,2020-02-23 04:13:44,-19.06,-169.92,84.2,79,75,8.05
333,Ivanovka,KG,2020-02-23 04:15:59,42.89,75.08,37.4,86,75,2.24
334,Quatre Cocos,MU,2020-02-23 04:12:26,-20.21,57.76,82.0,88,40,8.55
335,Tabou,CI,2020-02-23 04:15:59,4.42,-7.35,77.67,96,51,3.18
336,Palmer,US,2020-02-23 04:16:00,42.16,-72.33,34.0,73,1,2.86
337,Merauke,ID,2020-02-23 04:14:11,-8.47,140.33,89.85,62,70,11.54
338,Richards Bay,ZA,2020-02-23 04:13:41,-28.78,32.04,79.32,73,100,32.1
339,Lavrentiya,RU,2020-02-23 04:12:46,65.58,-171.0,-15.34,94,0,4.21
340,Takoradi,GH,2020-02-23 04:16:01,4.88,-1.76,78.01,96,72,3.2
341,Otavi,NA,2020-02-23 04:16:01,-19.65,17.33,66.02,83,37,6.67
342,Hosakote,IN,2020-02-23 04:16:02,14.28,77.17,71.91,67,93,4.85
343,Oil City,US,2020-02-23 04:16:02,41.43,-79.71,34.0,50,1,5.82
344,Abonnema,NG,2020-02-23 04:16:02,4.71,6.79,77.0,94,87,6.96
345,Batemans Bay,AU,2020-02-23 04:13:05,-35.72,150.18,73.99,78,64,17.0
346,Yabrud,SY,2020-02-23 04:16:03,33.97,36.66,39.99,93,0,1.59
347,Rondonopolis,BR,2020-02-23 04:16:03,-16.47,-54.64,71.08,98,100,1.68
348,Visby,SE,2020-02-23 04:16:03,57.64,18.3,42.01,80,51,26.4
349,Nemuro,JP,2020-02-23 04:16:03,43.32,145.57,37.4,69,75,17.22
350,Karratha,AU,2020-02-23 04:13:18,-20.74,116.85,82.11,68,8,16.55
351,Bronnoysund,NO,2020-02-23 04:16:04,65.46,12.2,39.2,80,100,8.05
352,Caravelas,BR,2020-02-23 04:15:41,-17.71,-39.25,81.16,84,100,15.52
353,Lakes Entrance,AU,2020-02-23 04:13:54,-37.88,147.98,86.0,59,0,5.99
354,Port Macquarie,AU,2020-02-23 04:13:05,-31.43,152.92,78.01,50,100,9.17
355,Turbat,PK,2020-02-23 04:16:05,26.0,63.04,66.76,49,0,0.87
356,Turinsk,RU,2020-02-23 04:16:05,58.05,63.7,18.86,91,0,8.14
357,Te Anau,NZ,2020-02-23 04:13:16,-45.42,167.72,59.0,65,79,9.28
358,Baruun-Urt,MN,2020-02-23 04:13:32,46.68,113.28,18.61,81,14,6.42
359,Zhigansk,RU,2020-02-23 04:16:06,66.77,123.37,-6.93,96,100,8.95
360,Davenda,RU,2020-02-23 04:16:06,53.56,119.32,16.25,81,98,0.78
361,Konstantinovskiy,RU,2020-02-23 04:16:06,57.83,39.59,32.0,96,90,15.66
362,Ulagan,RU,2020-02-23 04:16:06,50.63,87.96,22.35,95,100,0.76
363,Murgab,TM,2020-02-23 04:16:06,37.5,61.97,46.4,75,75,11.41
364,Rawson,AR,2020-02-23 04:13:09,-43.3,-65.1,71.13,40,0,24.94
365,Turayf,SA,2020-02-23 04:16:07,31.67,38.66,41.0,100,0,6.93
366,Valdepenas,ES,2020-02-23 04:16:07,38.76,-3.38,48.69,41,33,6.11
367,Cervo,ES,2020-02-23 04:16:07,43.67,-7.41,46.99,1,0,3.04
368,Antalaha,MG,2020-02-23 04:14:57,-14.9,50.28,81.12,77,100,12.53
369,Itupiranga,BR,2020-02-23 04:16:08,-5.13,-49.33,77.0,100,97,2.51
370,Ornskoldsvik,SE,2020-02-23 04:16:08,63.29,18.72,32.0,78,59,12.75
371,Tacuarembo,UY,2020-02-23 04:16:08,-31.73,-55.98,55.15,68,0,2.64
372,Imeni Poliny Osipenko,RU,2020-02-23 04:12:06,52.42,136.49,12.61,75,0,3.87
373,Santa Flavia,IT,2020-02-23 04:16:09,38.09,13.54,50.0,66,0,4.7
374,Jabalpur,IN,2020-02-23 04:11:32,23.17,79.95,68.0,94,20,2.24
375,Berlevag,NO,2020-02-23 04:15:15,70.86,29.09,34.02,79,0,26.31
376,Praia Da Vitoria,PT,2020-02-23 04:16:09,38.73,-27.07,55.4,82,40,8.03
377,Fort Saint James,CA,2020-02-23 04:14:01,54.43,-124.25,19.38,86,17,3.2
378,Chumphon,TH,2020-02-23 04:16:10,10.33,98.83,84.2,70,75,3.36
379,Baherden,TM,2020-02-23 04:16:10,38.44,57.43,49.69,72,81,9.15
380,Yarmouth,US,2020-02-23 04:12:48,41.71,-70.23,37.4,68,1,5.82
381,Husavik,IS,2020-02-23 04:12:47,66.04,-17.34,19.76,74,100,10.22
382,Kavaratti,IN,2020-02-23 04:13:10,10.57,72.64,84.2,83,20,6.93
383,Ankang,CN,2020-02-23 04:15:00,32.68,109.02,46.0,93,0,1.01
384,Novo Aripuana,BR,2020-02-23 04:16:11,-5.12,-60.38,74.75,90,100,2.13
385,Hobbs,US,2020-02-23 04:16:11,32.7,-103.14,54.0,62,1,4.7
386,Nambucca Heads,AU,2020-02-23 04:16:12,-30.65,153.0,75.2,73,100,6.93
387,Loiza,PR,2020-02-23 04:16:12,18.43,-65.88,73.99,88,1,3.36
388,Santa Ana,US,2020-02-23 04:16:12,33.75,-117.87,60.8,63,75,10.94
389,Mutsu,JP,2020-02-23 04:16:13,41.29,141.22,33.8,74,75,21.92
390,Sonoita,MX,2020-02-23 04:16:13,31.85,-112.83,54.0,87,48,11.45
391,Santa Maria,BR,2020-02-23 04:12:49,-29.68,-53.81,55.4,93,0,2.24
392,Yurgamysh,RU,2020-02-23 04:16:13,55.37,64.47,25.12,95,100,4.79
393,Mezen,RU,2020-02-23 04:16:13,65.85,44.24,31.69,95,100,22.82
394,Sambava,MG,2020-02-23 04:12:53,-14.27,50.17,74.12,87,99,2.28
395,Aykhal,RU,2020-02-23 04:14:09,66.0,111.5,-2.2,84,47,6.71
396,Huaicheng,CN,2020-02-23 04:16:14,23.91,112.19,72.91,61,68,4.07
397,Fallon,US,2020-02-23 04:15:22,39.47,-118.78,46.0,41,1,4.7
398,Bokhan,RU,2020-02-23 04:16:14,53.15,103.77,15.31,92,85,6.35
399,Esil,KZ,2020-02-23 04:16:15,51.96,66.4,11.75,99,58,0.43
400,Darlowo,PL,2020-02-23 04:16:15,54.42,16.41,39.99,83,76,33.29
401,Tefe,BR,2020-02-23 04:16:15,-3.35,-64.71,74.1,86,88,2.8
402,Lasa,IT,2020-02-23 04:12:02,46.62,10.7,37.99,69,5,5.82
403,Tamworth,GB,2020-02-23 04:16:16,52.63,-1.7,48.0,100,90,10.29
404,Riyadh,SA,2020-02-23 04:15:01,24.69,46.72,60.8,55,100,5.82
405,Lorengau,PG,2020-02-23 04:11:51,-2.02,147.27,83.62,67,0,3.71
406,Maldonado,UY,2020-02-23 04:12:04,-34.67,-54.92,57.2,87,0,1.12
407,Margate,GB,2020-02-23 04:13:48,51.38,1.39,53.01,87,75,14.99
408,Maxixe,MZ,2020-02-23 04:16:17,-23.86,35.35,79.0,80,98,3.91
409,Hamilton,US,2020-02-23 04:14:00,39.18,-84.53,37.4,63,1,5.55
410,Port Moresby,PG,2020-02-23 04:16:17,-9.44,147.18,89.6,75,75,17.22
411,Mitsamiouli,KM,2020-02-23 04:16:17,-11.38,43.28,77.0,88,40,5.82
412,Esperance,AU,2020-02-23 04:13:30,-33.87,121.9,80.6,51,62,11.41
413,Susanino,RU,2020-02-23 04:16:18,58.15,41.59,30.42,90,100,21.56
414,Muros,ES,2020-02-23 04:16:18,42.78,-9.06,53.01,100,40,1.12
415,Campbellsville,US,2020-02-23 04:16:18,37.34,-85.34,35.01,68,1,5.37
416,Celestun,MX,2020-02-23 04:16:18,20.87,-90.4,71.15,70,18,17.05
417,Dubai,AE,2020-02-23 04:11:26,25.26,55.3,73.0,78,0,6.93
418,Aswan,EG,2020-02-23 04:16:19,24.09,32.91,51.8,50,27,19.46
419,Aksarka,RU,2020-02-23 04:13:08,66.56,67.8,23.25,91,89,20.27
420,Krasnoslobodsk,RU,2020-02-23 04:16:20,48.71,44.57,30.2,100,40,11.18
421,Shubarshi,KZ,2020-02-23 04:16:20,48.59,57.19,17.65,95,98,8.32
422,Loreto,MX,2020-02-23 04:16:20,22.27,-101.97,67.66,33,63,4.63
423,Puerto Lopez,CO,2020-02-23 04:16:21,4.08,-72.96,86.99,46,100,4.23
424,Sangar,RU,2020-02-23 04:16:21,63.92,127.47,-6.29,91,97,1.86
425,Saint-Augustin,CA,2020-02-23 04:13:55,51.23,-58.65,22.41,91,91,20.69
426,Yerbogachen,RU,2020-02-23 04:13:45,61.28,108.01,14.9,94,95,6.4
427,Ancud,CL,2020-02-23 04:13:23,-41.87,-73.82,57.2,82,0,6.93
428,Lautaro,CL,2020-02-23 04:16:22,-38.52,-72.45,55.4,100,90,6.93
429,Vrangel,RU,2020-02-23 04:11:51,42.73,133.08,28.6,61,0,32.44
430,Doha,QA,2020-02-23 04:13:08,25.29,51.53,70.0,100,90,8.05
431,Mirante Do Paranapanema,BR,2020-02-23 04:14:35,-22.29,-51.91,69.8,94,40,16.11
432,Baculin,PH,2020-02-23 04:16:22,7.45,126.58,80.26,63,20,9.28
433,Redditch,GB,2020-02-23 04:16:23,52.31,-1.95,52.0,100,90,10.29
434,Brigantine,US,2020-02-23 04:16:23,39.41,-74.36,39.99,51,1,4.7
435,Key West,US,2020-02-23 04:14:34,24.56,-81.78,71.6,68,20,11.41
436,Turukhansk,RU,2020-02-23 04:13:49,65.82,87.98,2.84,94,100,14.23
437,Clyde River,CA,2020-02-23 04:13:39,70.47,-68.59,-31.0,66,1,3.36
438,Burnie,AU,2020-02-23 04:16:24,-41.07,145.92,73.99,53,4,5.99
439,Anadyr,RU,2020-02-23 04:13:47,64.75,177.48,-14.8,68,40,2.24
440,Asyut,EG,2020-02-23 04:10:24,27.18,31.18,46.76,64,0,6.31
441,Maragogi,BR,2020-02-23 04:16:24,-9.01,-35.22,81.82,81,98,13.76
442,Millau,FR,2020-02-23 04:16:24,44.08,2.92,35.01,86,35,5.82
443,Qui Nhon,VN,2020-02-23 04:16:25,13.77,109.23,75.97,67,0,15.82
444,Mecca,SA,2020-02-23 04:12:14,21.43,39.83,66.04,56,0,0.89
445,Sorsk,RU,2020-02-23 04:16:25,54.0,90.25,14.45,94,100,3.13
446,Sept-Iles,CA,2020-02-23 04:12:50,50.2,-66.38,30.99,74,20,12.75
447,San Rafael Del Sur,NI,2020-02-23 04:14:13,11.85,-86.44,80.6,57,20,6.93
448,Faya,SA,2020-02-23 04:13:30,18.39,42.45,57.2,54,18,9.17
449,Tha Maka,TH,2020-02-23 04:16:27,13.9,99.77,89.01,38,0,3.89
450,Thinadhoo,MV,2020-02-23 04:13:45,0.53,72.93,83.28,79,94,16.15
451,Montepuez,MZ,2020-02-23 04:16:27,-13.13,39.0,70.9,98,100,3.98
452,Ahipara,NZ,2020-02-23 04:12:00,-35.17,173.17,75.99,60,13,7.0
453,Chicama,PE,2020-02-23 04:16:28,-7.84,-79.15,73.4,83,40,5.82
454,Sioux Lookout,CA,2020-02-23 04:16:28,50.1,-91.92,26.6,79,75,2.3
455,Lubbock,US,2020-02-23 04:13:44,33.6,-101.83,55.4,62,1,11.41
456,Brenes,ES,2020-02-23 04:16:28,37.55,-5.87,54.0,81,38,3.36
457,Port-Gentil,GA,2020-02-23 04:13:10,-0.72,8.78,82.45,79,100,6.64
458,Turka,UA,2020-02-23 04:16:29,49.15,23.03,42.01,59,100,8.99
459,Bairiki,KI,2020-02-23 04:16:29,1.33,172.98,89.6,66,40,9.17
460,Sangueya,GN,2020-02-23 04:16:29,10.7,-14.37,74.3,80,62,2.51
461,Kansanshi,ZM,2020-02-23 04:16:30,-12.1,26.43,62.71,92,100,1.21
462,Kondinskoye,RU,2020-02-23 04:16:30,59.65,67.41,18.68,94,47,10.04
463,Bhatkal,IN,2020-02-23 04:16:30,13.97,74.57,79.68,46,100,2.53
464,Mangrol,IN,2020-02-23 04:16:31,21.12,70.12,74.75,46,0,15.19
465,Pontinia,IT,2020-02-23 04:16:31,41.41,13.04,48.0,93,5,3.36
466,Tyukhtet,RU,2020-02-23 04:16:31,56.54,89.3,15.06,95,91,2.71
467,Velikiy Ustyug,RU,2020-02-23 04:16:31,60.76,46.31,30.76,86,100,19.04
468,Nadym,RU,2020-02-23 04:15:50,65.53,72.52,22.46,89,91,20.51
469,Saint-Pierre,RE,2020-02-23 04:13:18,-21.34,55.48,78.8,65,75,3.36
470,Sisimiut,GL,2020-02-23 04:16:32,66.94,-53.67,-5.01,65,89,7.02
471,Yaan,NG,2020-02-23 04:16:32,7.38,8.57,77.85,18,9,4.5
472,Meybod,IR,2020-02-23 04:16:32,32.25,54.02,48.2,53,20,4.7
473,Kysyl-Syr,RU,2020-02-23 04:16:33,63.9,122.76,-4.13,93,95,2.33
474,Inuvik,CA,2020-02-23 04:16:33,68.35,-133.72,-0.4,77,90,4.7
475,San Jeronimo,PE,2020-02-23 04:16:33,-11.95,-75.28,44.69,84,100,1.36
476,Roald,NO,2020-02-23 04:16:33,62.58,6.13,39.2,69,96,18.34
477,Banepa,NP,2020-02-23 04:16:34,27.63,85.52,57.2,71,20,2.24
478,Fortuna,US,2020-02-23 04:13:29,40.6,-124.16,50.0,93,90,6.93
479,Duekoue,CI,2020-02-23 04:16:04,6.75,-7.35,74.68,95,44,2.53
480,Ishigaki,JP,2020-02-23 04:16:34,24.34,124.16,75.2,64,20,17.22
481,Christchurch,NZ,2020-02-23 04:16:34,-43.53,172.63,70.0,46,0,11.41
482,Korla,CN,2020-02-23 04:16:35,41.76,86.15,35.01,64,61,1.41
483,Rameswaram,IN,2020-02-23 04:16:35,9.28,79.3,80.37,76,68,18.07
484,Kokkola,FI,2020-02-23 04:16:35,63.83,23.08,33.8,80,20,10.29
485,Sitka,US,2020-02-23 04:12:13,57.05,-135.33,35.6,71,90,9.17
486,Cabedelo,BR,2020-02-23 04:16:35,-6.98,-34.83,80.6,88,20,4.7
487,Abadan,IR,2020-02-23 04:16:36,30.34,48.3,59.0,87,0,4.7
488,Sydney,AU,2020-02-23 04:11:41,-33.87,151.21,79.0,53,75,14.99
489,Statesboro,US,2020-02-23 04:16:36,32.45,-81.78,37.4,50,1,3.56
490,Pedernales,DO,2020-02-23 04:16:36,18.04,-71.74,65.8,88,0,2.39
491,Zelenoborsk,RU,2020-02-23 04:16:37,61.47,64.03,18.05,95,77,9.51
492,Krasnovishersk,RU,2020-02-23 04:16:37,60.41,57.08,29.5,90,100,11.05
493,Paracuru,BR,2020-02-23 04:16:37,-3.41,-39.03,78.8,88,75,4.7
494,Yakeshi,CN,2020-02-23 04:16:38,49.28,120.73,10.2,92,100,3.09
495,Sohag,EG,2020-02-23 04:16:38,26.56,31.69,46.4,61,84,6.93
496,Mtambile,TZ,2020-02-23 04:16:38,-5.38,39.7,82.92,79,67,16.98
497,Tarakan,ID,2020-02-23 04:16:38,3.3,117.63,84.94,59,9,6.89
498,Seabra,BR,2020-02-23 04:16:38,-12.42,-41.77,65.66,92,98,1.7
499,Yagodnoye,RU,2020-02-23 04:16:39,62.55,149.67,-10.05,92,99,1.74
500,Manggar,ID,2020-02-23 04:16:39,-2.88,108.27,82.54,77,2,9.95
501,Terrace,CA,2020-02-23 04:14:21,54.52,-128.6,33.8,87,90,3.36
502,Amga,RU,2020-02-23 04:16:39,60.9,131.96,7.05,91,100,1.61
503,Diamantino,BR,2020-02-23 04:16:40,-14.41,-56.45,67.6,98,100,3.15
504,Athabasca,CA,2020-02-23 04:16:40,54.72,-113.29,21.52,78,0,10.51
505,Yate,GB,2020-02-23 04:16:40,51.54,-2.42,55.99,93,90,21.92
506,Awbari,LY,2020-02-23 04:16:40,26.59,12.78,49.1,48,0,6.58
507,Meulaboh,ID,2020-02-23 04:16:40,4.14,96.13,81.5,74,17,7.11
508,Tazovskiy,RU,2020-02-23 04:12:53,67.47,78.7,18.0,91,100,19.26
509,Muyuka,CM,2020-02-23 04:16:41,4.29,9.41,82.4,94,20,1.12
510,Port Keats,AU,2020-02-23 04:12:56,-14.25,129.55,92.86,50,89,6.11
511,Santa Rosa,PH,2020-02-23 04:16:02,14.31,121.11,88.0,52,40,11.41
512,Ovalle,CL,2020-02-23 04:16:41,-30.6,-71.2,55.72,59,0,0.45
513,Mazamari,PE,2020-02-23 04:16:41,-11.33,-74.53,60.49,98,100,1.16
514,Thunder Bay,CA,2020-02-23 04:16:42,48.4,-89.32,24.01,92,5,2.86
515,Haines Junction,CA,2020-02-23 04:13:18,60.75,-137.51,7.05,87,18,7.31
516,Ngorongoro,TZ,2020-02-23 04:16:42,-3.24,35.49,60.42,86,100,4.94
517,Ixtapa,MX,2020-02-23 04:15:26,20.7,-105.2,78.01,88,20,4.7
518,Eldorado,BR,2020-02-23 04:16:42,-23.79,-54.28,58.35,62,0,2.86
519,Katav-Ivanovsk,RU,2020-02-23 04:16:43,54.75,58.2,17.91,96,88,3.91
520,Barra Patuca,HN,2020-02-23 04:16:43,15.8,-84.28,78.26,79,1,21.79
521,Mounana,GA,2020-02-23 04:16:44,-1.41,13.16,70.25,97,100,2.35
522,Wahiawa,US,2020-02-23 04:13:45,21.5,-158.02,80.6,69,75,6.93
523,Kushmurun,KZ,2020-02-23 04:16:44,52.45,64.63,13.21,96,79,2.35
524,Moerai,PF,2020-02-23 04:16:44,-22.43,-151.33,81.48,68,100,6.26
525,Huangchuan,CN,2020-02-23 04:16:45,32.13,115.04,60.22,48,100,6.51
526,Goundam,ML,2020-02-23 04:12:02,16.41,-3.67,74.3,13,33,8.93
527,Raudeberg,NO,2020-02-23 04:13:54,61.99,5.14,39.2,69,94,17.22
528,Mondeville,FR,2020-02-23 04:16:45,49.17,-0.32,51.8,93,90,21.92
529,Usak,TR,2020-02-23 04:16:45,38.5,29.42,32.0,77,20,14.99
530,Pita,GN,2020-02-23 04:16:46,10.83,-12.58,70.05,53,66,2.28
531,Hami,CN,2020-02-23 04:12:10,42.8,93.45,33.55,47,0,3.24
532,Pringsewu,ID,2020-02-23 04:16:46,-5.36,104.97,82.06,67,2,5.75
533,Belaya Gora,RU,2020-02-23 04:14:44,68.53,146.42,-10.21,94,87,1.36
534,San Matias,BO,2020-02-23 04:16:46,-16.37,-58.4,66.76,93,100,3.06
535,Nuuk,GL,2020-02-23 04:14:03,64.18,-51.72,15.8,85,100,17.22
536,Sheridan,US,2020-02-23 04:16:47,44.83,-106.92,39.2,58,1,1.86
537,Sinnamary,GF,2020-02-23 04:16:47,5.38,-52.95,79.18,86,98,18.48
538,Flin Flon,CA,2020-02-23 04:13:36,54.77,-101.86,30.47,95,100,6.62
539,Vung Tau,VN,2020-02-23 04:16:09,10.35,107.08,84.74,43,0,8.39
540,Baniachang,BD,2020-02-23 04:16:48,24.52,91.37,74.82,43,46,4.85
541,Wittingen,DE,2020-02-23 04:16:48,52.73,10.74,46.99,70,75,14.99
542,Chake Chake,TZ,2020-02-23 04:16:48,-5.25,39.77,82.99,81,49,16.93
543,Kupang,ID,2020-02-23 04:16:49,-10.17,123.58,87.8,74,20,10.29
544,Safranbolu,TR,2020-02-23 04:16:49,41.25,32.69,21.97,97,92,1.66
545,Amapa,BR,2020-02-23 04:13:00,1.0,-52.0,72.82,99,100,1.39
546,Skibbereen,IE,2020-02-23 04:13:57,51.55,-9.27,53.6,93,75,27.51
547,Cascais,PT,2020-02-23 04:13:17,38.7,-9.42,62.01,66,29,4.7
548,Yumen,CN,2020-02-23 04:16:14,40.28,97.2,38.57,25,0,25.72
549,Nizwa,OM,2020-02-23 04:16:50,22.93,57.53,63.05,71,0,0.16
550,Uruzgan,AF,2020-02-23 04:16:50,32.83,66.0,34.79,55,0,8.97
551,Nouadhibou,MR,2020-02-23 04:13:29,20.93,-17.03,62.6,82,75,10.29
552,Khowst,AF,2020-02-23 04:16:51,33.38,69.88,50.56,39,0,3.33
553,Talcahuano,CL,2020-02-23 04:16:51,-36.72,-73.12,57.2,87,0,3.36
554,Srednekolymsk,RU,2020-02-23 04:13:26,67.45,153.68,-17.55,93,54,1.54
555,College,US,2020-02-23 04:13:06,64.86,-147.8,8.6,71,90,4.7
556,Altamira,BR,2020-02-23 04:16:52,-3.2,-52.21,74.26,98,100,0.51
557,Contamana,PE,2020-02-23 04:16:52,-7.33,-75.02,73.09,98,100,4.14
558,Matale,LK,2020-02-23 04:16:52,7.47,80.62,77.04,77,82,4.63
559,Nioro,GM,2020-02-23 04:16:52,13.35,-15.75,73.76,38,100,7.76
560,Bernay,FR,2020-02-23 04:16:52,49.17,0.67,52.0,93,90,19.46
561,General Roca,AR,2020-02-23 04:16:53,-39.03,-67.58,71.6,30,0,6.93
562,Agadez,NE,2020-02-23 04:13:06,19.75,10.25,62.74,23,52,12.68
563,Mineros,BO,2020-02-23 04:16:53,-17.12,-63.23,71.6,68,40,12.75
564,Kensington,AU,2020-02-23 04:16:53,-33.92,151.22,79.0,53,75,14.99
565,Kulhudhuffushi,MV,2020-02-23 04:15:29,6.62,73.07,83.57,76,100,19.51
566,Moindou,NC,2020-02-23 04:16:54,-21.69,165.68,91.4,52,75,13.87
567,Buraydah,SA,2020-02-23 04:11:58,26.33,43.98,55.4,50,0,11.41
568,Ambunti,PG,2020-02-23 04:16:54,-4.24,142.84,92.23,53,80,4.81
