City_ID,Unnamed: 0,City,Lat,Lng,Max Temp,Humidity,Cloudiness,Wind Speed,Country,Date,Description,Rain inches last 3 hours,Snow inches last 3 hours
0,0,Ushuaia,-54.8,-68.3,46.4,87,90,20.8,AR,2020-02-23 21:46:25,overcast clouds,0.0,0.0
1,1,Atuona,-9.8,-139.03,81.61,76,8,13.73,PF,2020-02-23 21:43:44,clear sky,0.0,0.0
2,2,Lichinga,-13.31,35.24,72.52,92,66,2.8,MZ,2020-02-23 21:46:25,broken clouds,0.0,0.0
3,3,Yenagoa,4.92,6.26,82.53,77,100,5.57,NG,2020-02-23 21:46:26,overcast clouds,0.0,0.0
4,4,Punta Arenas,-53.15,-70.92,55.4,62,75,31.09,CL,2020-02-23 21:46:26,broken clouds,0.0,0.0
5,5,Saint-Philippe,-21.36,55.77,75.2,78,0,6.93,RE,2020-02-23 21:46:26,clear sky,0.0,0.0
6,6,Turukhansk,65.82,87.98,13.62,94,100,13.04,RU,2020-02-23 21:46:26,light snow,0.0,0.63
7,7,Isangel,-19.55,169.27,78.76,76,40,14.54,VU,2020-02-23 21:44:05,scattered clouds,0.0,0.0
8,8,Cape Town,-33.93,18.42,66.99,59,0,18.34,ZA,2020-02-23 21:46:27,clear sky,0.0,0.0
9,9,Mar Del Plata,-38.0,-57.56,77.0,50,20,11.41,AR,2020-02-23 21:41:53,few clouds,0.0,0.0
10,10,Hobart,-42.88,147.33,59.0,76,75,5.82,AU,2020-02-23 21:46:27,broken clouds,0.0,0.0
11,11,Callaguip,18.07,120.49,75.2,73,20,2.24,PH,2020-02-23 21:46:27,few clouds,0.0,0.0
12,12,Katsuura,35.13,140.3,42.8,45,20,10.29,JP,2020-02-23 21:46:27,few clouds,0.0,0.0
13,13,East London,-33.02,27.91,66.15,60,73,4.21,ZA,2020-02-23 21:43:35,broken clouds,0.0,0.0
14,14,Nikolskoye,59.7,30.79,37.4,86,90,8.95,RU,2020-02-23 21:46:28,light intensity shower rain,0.0,0.0
15,15,Fortuna,40.6,-124.16,60.01,71,75,3.36,US,2020-02-23 21:46:28,broken clouds,0.0,0.0
16,16,Tasiilaq,65.61,-37.64,12.2,66,60,13.87,GL,2020-02-23 21:43:37,broken clouds,0.0,0.0
17,17,Gao,16.64,1.64,80.94,10,0,14.94,ML,2020-02-23 21:46:28,clear sky,0.0,0.0
18,18,Rikitea,-23.12,-134.97,79.2,70,0,6.13,PF,2020-02-23 21:46:29,clear sky,0.0,0.0
19,19,Vagay,57.94,69.02,18.46,96,5,5.95,RU,2020-02-23 21:46:29,clear sky,0.0,0.0
20,20,La Ronge,55.1,-105.28,33.8,47,40,6.93,CA,2020-02-23 21:46:29,scattered clouds,0.0,0.0
21,21,Vaini,-21.2,-175.2,80.6,88,40,9.17,TO,2020-02-23 21:46:30,scattered clouds,0.0,0.0
22,22,Hithadhoo,-0.6,73.08,83.41,76,92,13.69,MV,2020-02-23 21:46:30,overcast clouds,0.0,0.0
23,23,Arman,59.7,150.17,-2.31,98,38,4.09,RU,2020-02-23 21:46:30,scattered clouds,0.0,0.0
24,24,Peniche,39.36,-9.38,64.99,59,0,6.93,PT,2020-02-23 21:46:30,clear sky,0.0,0.0
25,25,Sao Joao Da Barra,-21.64,-41.05,77.0,69,100,4.7,BR,2020-02-23 21:46:30,overcast clouds,0.0,0.0
26,26,Perth,-31.93,115.83,72.0,68,40,17.22,AU,2020-02-23 21:45:36,light intensity shower rain,0.0,0.0
27,27,Bluff,-46.6,168.33,55.44,75,66,5.08,NZ,2020-02-23 21:43:50,broken clouds,0.0,0.0
28,28,Minab,27.15,57.08,68.0,94,40,4.7,IR,2020-02-23 21:46:31,mist,0.0,0.0
29,29,Weymouth,42.22,-70.94,54.0,27,1,10.29,US,2020-02-23 21:43:55,clear sky,0.0,0.0
30,30,Samarai,-10.62,150.67,78.55,89,25,3.18,PG,2020-02-23 21:46:32,light rain,1.0,0.0
31,31,Georgetown,5.41,100.34,78.8,78,20,2.24,MY,2020-02-23 21:43:54,few clouds,0.0,0.0
32,32,Polunochnoye,60.87,60.42,24.44,84,0,11.7,RU,2020-02-23 21:46:32,clear sky,0.0,0.0
33,33,Busselton,-33.65,115.33,68.0,47,72,14.25,AU,2020-02-23 21:46:33,broken clouds,0.0,0.0
34,34,Vao,-22.67,167.48,78.08,75,50,12.88,NC,2020-02-23 21:46:33,scattered clouds,0.0,0.0
35,35,Sioux Lookout,50.1,-91.92,37.4,55,90,9.17,CA,2020-02-23 21:46:33,overcast clouds,0.0,0.0
36,36,Moussoro,13.64,16.49,75.02,16,0,18.01,TD,2020-02-23 21:46:33,clear sky,0.0,0.0
37,37,Kodiak,57.79,-152.41,24.8,35,1,18.34,US,2020-02-23 21:44:47,clear sky,0.0,0.0
38,38,Nouadhibou,20.93,-17.03,68.0,77,100,11.41,MR,2020-02-23 21:46:34,overcast clouds,0.0,0.0
39,39,Saint-Augustin,51.23,-58.65,20.84,78,97,10.02,CA,2020-02-23 21:44:00,overcast clouds,0.0,0.0
40,40,Butaritari,3.07,172.79,84.88,77,76,12.91,KI,2020-02-23 21:46:34,moderate rain,6.0,0.0
41,41,Lavrentiya,65.58,-171.0,-7.56,75,0,5.14,RU,2020-02-23 21:46:34,clear sky,0.0,0.0
42,42,Castro,-24.79,-50.01,67.93,78,90,2.66,BR,2020-02-23 21:43:54,overcast clouds,0.0,0.0
43,43,Carnarvon,-24.87,113.63,69.8,88,0,4.7,AU,2020-02-23 21:46:35,clear sky,0.0,0.0
44,44,Mataura,-46.19,168.86,56.46,76,77,2.1,NZ,2020-02-23 21:43:47,broken clouds,0.0,0.0
45,45,Kralendijk,12.15,-68.27,84.2,58,38,12.75,BQ,2020-02-23 21:46:35,scattered clouds,0.0,0.0
46,46,Kapaa,22.08,-159.32,79.0,69,1,8.05,US,2020-02-23 21:43:09,clear sky,0.0,0.0
47,47,Evensk,61.95,159.23,-2.9,96,100,5.66,RU,2020-02-23 21:46:35,light snow,0.0,0.25
48,48,Hermanus,-34.42,19.23,66.99,75,0,8.99,ZA,2020-02-23 21:46:36,clear sky,0.0,0.0
49,49,Tchamba,9.03,1.42,82.24,18,5,5.77,TG,2020-02-23 21:46:36,clear sky,0.0,0.0
50,50,Avarua,-21.21,-159.78,78.8,94,100,4.7,CK,2020-02-23 21:43:46,moderate rain,0.0,0.0
51,51,Narsaq,60.92,-46.05,24.8,53,100,12.75,GL,2020-02-23 21:46:36,light snow,0.0,1.44
52,52,Darhan,49.49,105.92,11.21,85,100,3.8,MN,2020-02-23 21:46:37,overcast clouds,0.0,0.0
53,53,Jamestown,42.1,-79.24,48.99,26,1,16.11,US,2020-02-23 21:46:37,clear sky,0.0,0.0
54,54,Challans,46.84,-1.87,53.6,100,90,9.17,FR,2020-02-23 21:46:37,heavy intensity drizzle rain,0.0,0.0
55,55,Khatanga,71.97,102.5,14.29,91,96,15.57,RU,2020-02-23 21:46:37,light snow,0.0,0.25
56,56,Saldanha,-33.01,17.94,71.6,46,0,4.7,ZA,2020-02-23 21:46:37,clear sky,0.0,0.0
57,57,Buala,-8.14,159.59,81.45,81,10,3.96,SB,2020-02-23 21:44:09,light rain,1.44,0.0
58,58,Hwange,-18.37,26.5,70.29,91,99,7.54,ZW,2020-02-23 21:46:38,light rain,2.88,0.0
59,59,Pangnirtung,66.15,-65.71,-29.2,60,75,1.79,CA,2020-02-23 21:46:38,broken clouds,0.0,0.0
60,60,Geraldton,-28.77,114.6,71.6,94,0,1.12,AU,2020-02-23 21:46:39,clear sky,0.0,0.0
61,61,Mount Gambier,-37.83,140.77,57.2,100,90,8.05,AU,2020-02-23 21:46:39,overcast clouds,0.0,0.0
62,62,Albany,42.6,-73.97,52.0,29,75,5.82,US,2020-02-23 21:46:39,broken clouds,0.0,0.0
63,63,Saint-Denis,48.92,2.33,54.0,93,90,9.17,FR,2020-02-23 21:46:40,light intensity drizzle rain,0.0,0.0
64,64,Newport,51.59,-3.0,46.99,75,100,3.36,GB,2020-02-23 21:42:07,light rain,0.0,0.0
65,65,Bredasdorp,-34.53,20.04,66.2,55,0,10.29,ZA,2020-02-23 21:46:40,clear sky,0.0,0.0
66,66,Bethel,41.37,-73.41,54.0,20,5,9.17,US,2020-02-23 21:46:40,clear sky,0.0,0.0
67,67,Kieta,-6.22,155.63,81.63,74,37,4.47,PG,2020-02-23 21:46:41,light rain,1.0,0.0
68,68,Severo-Kurilsk,50.68,156.12,24.21,95,100,35.48,RU,2020-02-23 21:46:41,snow,0.0,2.75
69,69,Ugoofaaru,5.67,73.0,82.94,76,25,20.22,MV,2020-02-23 21:46:41,scattered clouds,0.0,0.0
70,70,Baruun-Urt,46.68,113.28,13.24,84,100,5.7,MN,2020-02-23 21:46:41,overcast clouds,0.0,0.0
71,71,Yellowknife,62.46,-114.35,-2.0,63,20,6.93,CA,2020-02-23 21:46:41,few clouds,0.0,0.0
72,72,Tuy Hoa,13.08,109.3,73.76,79,4,17.49,VN,2020-02-23 21:46:42,light rain,0.19,0.0
73,73,Tuktoyaktuk,69.45,-133.04,-5.8,70,75,13.87,CA,2020-02-23 21:46:42,light snow,0.0,0.0
74,74,Sayyan,15.17,44.32,52.21,23,72,2.84,YE,2020-02-23 21:46:42,broken clouds,0.0,0.0
75,75,Okhotsk,59.38,143.3,-14.96,77,16,7.9,RU,2020-02-23 21:46:42,few clouds,0.0,0.0
76,76,Saskylakh,71.92,114.08,5.74,91,100,8.63,RU,2020-02-23 21:46:42,overcast clouds,0.0,0.0
77,77,Omsukchan,62.53,155.8,-18.36,100,79,1.01,RU,2020-02-23 21:46:43,broken clouds,0.0,0.0
78,78,Sao Pedro Da Aldeia,-22.84,-42.1,77.0,69,75,4.7,BR,2020-02-23 21:46:43,broken clouds,0.0,0.0
79,79,Balikpapan,-1.27,116.83,78.8,88,20,6.93,ID,2020-02-23 21:46:43,few clouds,0.0,0.0
80,80,Itoman,26.12,127.67,60.8,77,20,2.24,JP,2020-02-23 21:46:43,few clouds,0.0,0.0
81,81,Asyut,27.18,31.18,49.23,59,45,5.39,EG,2020-02-23 21:41:57,scattered clouds,0.0,0.0
82,82,Flinders,-34.58,150.86,73.0,68,0,6.93,AU,2020-02-23 21:43:47,clear sky,0.0,0.0
83,83,Forestville,38.85,-76.88,59.0,18,1,9.17,US,2020-02-23 21:44:06,clear sky,0.0,0.0
84,84,Salalah,17.02,54.09,75.2,69,0,4.7,OM,2020-02-23 21:46:44,clear sky,0.0,0.0
85,85,Moranbah,-22.0,148.05,72.0,91,100,18.5,AU,2020-02-23 21:46:44,overcast clouds,0.0,0.0
86,86,Chokurdakh,70.63,147.92,-20.96,97,77,2.82,RU,2020-02-23 21:42:20,broken clouds,0.0,0.0
87,87,Dunedin,-45.87,170.5,56.26,78,46,3.38,NZ,2020-02-23 21:46:27,scattered clouds,0.0,0.0
88,88,Moncao,42.08,-8.48,57.99,71,0,2.24,PT,2020-02-23 21:46:45,clear sky,0.0,0.0
89,89,New Norfolk,-42.78,147.06,59.0,76,75,5.82,AU,2020-02-23 21:46:45,broken clouds,0.0,0.0
90,90,Aklavik,68.22,-135.01,-4.0,70,75,5.82,CA,2020-02-23 21:46:45,light snow,0.0,0.0
91,91,Yaan,7.38,8.57,84.52,13,19,3.69,NG,2020-02-23 21:46:46,few clouds,0.0,0.0
92,92,Ponta Do Sol,32.67,-17.1,69.01,45,20,18.34,PT,2020-02-23 21:46:46,few clouds,0.0,0.0
93,93,Airai,-8.93,125.41,66.69,82,0,4.43,TL,2020-02-23 21:44:02,clear sky,0.0,0.0
94,94,Saint-Pierre,-21.34,55.48,75.2,78,0,6.93,RE,2020-02-23 21:46:46,clear sky,0.0,0.0
95,95,Turayf,31.67,38.66,53.6,62,100,20.8,SA,2020-02-23 21:46:46,overcast clouds,0.0,0.0
96,96,Kavieng,-2.57,150.8,84.29,69,2,8.01,PG,2020-02-23 21:46:47,clear sky,0.0,0.0
97,97,Muravlenko,63.79,74.52,25.88,90,100,25.3,RU,2020-02-23 21:46:47,overcast clouds,0.0,0.0
98,98,Rocky Mountain House,52.37,-114.92,27.63,86,87,9.73,CA,2020-02-23 21:45:29,overcast clouds,0.0,0.0
99,99,Qaanaaq,77.48,-69.36,-19.41,68,0,7.14,GL,2020-02-23 21:46:47,clear sky,0.0,0.0
100,100,Upernavik,72.79,-56.15,-17.82,81,0,7.31,GL,2020-02-23 21:45:45,clear sky,0.0,0.0
101,101,Finschhafen,-6.6,147.87,82.81,76,64,8.1,PG,2020-02-23 21:46:48,moderate rain,4.63,0.0
102,102,Cherskiy,68.75,161.3,-27.56,89,48,6.17,RU,2020-02-23 21:43:53,scattered clouds,0.0,0.0
103,103,Nakuru,-0.28,36.07,56.34,91,66,7.67,KE,2020-02-23 21:46:48,broken clouds,0.0,0.0
104,104,Oranjestad,12.52,-70.03,84.2,58,40,12.75,AW,2020-02-23 21:46:49,scattered clouds,0.0,0.0
105,105,Ankara,39.92,32.85,41.0,75,75,1.12,TR,2020-02-23 21:46:19,broken clouds,0.0,0.0
106,106,Huadian,42.96,126.75,20.41,90,10,8.05,CN,2020-02-23 21:46:49,clear sky,0.0,0.0
107,107,Acarau,-2.89,-40.12,78.28,88,7,5.28,BR,2020-02-23 21:42:25,clear sky,0.0,0.0
108,108,San Andres,12.58,-81.7,80.6,78,75,11.41,CO,2020-02-23 21:45:45,broken clouds,0.0,0.0
109,109,Bang Len,14.02,100.17,77.0,61,100,3.36,TH,2020-02-23 21:46:50,overcast clouds,0.0,0.0
110,110,Lebu,-37.62,-73.65,63.63,63,0,9.86,CL,2020-02-23 21:46:50,clear sky,0.0,0.0
111,111,Pascagoula,30.37,-88.56,64.99,55,75,5.82,US,2020-02-23 21:46:50,broken clouds,0.0,0.0
112,112,Mogadishu,2.04,45.34,80.62,81,41,26.8,SO,2020-02-23 21:46:51,scattered clouds,0.0,0.0
113,113,Namibe,-15.2,12.15,74.35,78,100,7.16,AO,2020-02-23 21:43:54,overcast clouds,0.0,0.0
114,114,Dikson,73.51,80.55,28.47,92,100,27.6,RU,2020-02-23 21:46:51,light snow,0.0,0.25
115,115,Esperance,-33.87,121.9,64.4,88,90,12.75,AU,2020-02-23 21:42:52,overcast clouds,0.0,0.0
116,116,Bikin,46.82,134.26,9.73,95,100,4.54,RU,2020-02-23 21:46:52,overcast clouds,0.0,0.0
117,117,Samfya,-11.36,29.56,67.96,92,100,3.15,ZM,2020-02-23 21:46:52,overcast clouds,0.0,0.0
118,118,Bathsheba,13.22,-59.52,82.4,74,40,13.87,BB,2020-02-23 21:42:31,scattered clouds,0.0,0.0
119,119,Fagersta,60.0,15.79,36.0,59,0,11.41,SE,2020-02-23 21:46:52,clear sky,0.0,0.0
120,120,Talnakh,69.49,88.4,15.8,92,75,29.08,RU,2020-02-23 21:46:53,shower snow,0.0,0.0
121,121,Ust-Nera,64.57,143.2,-27.11,99,100,1.7,RU,2020-02-23 21:46:53,overcast clouds,0.0,0.0
122,122,Irbil,36.19,44.01,51.8,81,0,9.17,IQ,2020-02-23 21:46:35,clear sky,0.0,0.0
123,123,Port-Gentil,-0.72,8.78,82.4,88,20,5.82,GA,2020-02-23 21:43:53,few clouds,0.0,0.0
124,124,Iqaluit,63.75,-68.51,-25.01,67,20,10.29,CA,2020-02-23 21:46:53,few clouds,0.0,0.0
125,125,Sechura,-5.56,-80.82,74.28,84,2,15.14,PE,2020-02-23 21:46:54,clear sky,0.0,0.0
126,126,Hilo,19.73,-155.09,78.8,61,75,12.75,US,2020-02-23 21:46:54,broken clouds,0.0,0.0
127,127,Buin,-33.73,-70.75,80.6,28,0,6.93,CL,2020-02-23 21:46:54,clear sky,0.0,0.0
128,128,Asfi,32.3,-9.24,62.8,40,0,8.57,MA,2020-02-23 21:46:54,clear sky,0.0,0.0
129,129,Tahoua,14.89,5.27,82.4,8,0,13.87,NE,2020-02-23 21:44:10,dust,0.0,0.0
130,130,Majene,-3.54,118.97,77.0,87,100,2.89,ID,2020-02-23 21:46:55,overcast clouds,0.0,0.0
131,131,Varkaus,62.33,27.87,28.0,99,86,1.99,FI,2020-02-23 21:46:55,overcast clouds,0.0,0.0
132,132,Provideniya,64.38,-173.3,-6.63,70,0,2.08,RU,2020-02-23 21:46:55,clear sky,0.0,0.0
133,133,Broken Hill,-31.95,141.43,69.8,64,44,6.93,AU,2020-02-23 21:46:55,scattered clouds,0.0,0.0
134,134,Buraydah,26.33,43.98,68.0,49,30,9.17,SA,2020-02-23 21:46:56,scattered clouds,0.0,0.0
135,135,Kavaratti,10.57,72.64,81.52,75,100,8.14,IN,2020-02-23 21:46:56,overcast clouds,0.0,0.0
136,136,Bengkulu,-3.8,102.27,74.08,89,3,4.56,ID,2020-02-23 21:46:56,clear sky,0.0,0.0
137,137,Winnemucca,40.97,-117.74,57.2,20,1,12.75,US,2020-02-23 21:46:56,clear sky,0.0,0.0
138,138,Ilebo,-4.32,20.58,73.67,86,100,1.88,CD,2020-02-23 21:46:56,overcast clouds,0.0,0.0
139,139,Atambua,-9.11,124.89,74.77,89,13,1.52,ID,2020-02-23 21:42:50,few clouds,0.0,0.0
140,140,Nalut,30.33,10.85,51.55,56,0,9.57,LY,2020-02-23 21:46:57,clear sky,0.0,0.0
141,141,Avera,33.19,-82.53,63.0,26,40,4.7,US,2020-02-23 21:46:57,scattered clouds,0.0,0.0
142,142,Grand Gaube,-20.01,57.66,77.0,88,40,4.7,MU,2020-02-23 21:46:57,scattered clouds,0.0,0.0
143,143,San Quintin,30.48,-115.95,60.78,70,0,20.98,MX,2020-02-23 21:46:57,clear sky,0.0,0.0
144,144,Paragominas,-2.97,-47.48,82.2,78,14,4.29,BR,2020-02-23 21:46:58,few clouds,0.0,0.0
145,145,Nantucket,41.28,-70.1,46.4,70,1,12.75,US,2020-02-23 21:46:58,clear sky,0.0,0.0
146,146,Tangzhai,34.43,116.59,53.01,65,100,1.99,CN,2020-02-23 21:46:58,light rain,0.19,0.0
147,147,Sabla,12.75,4.71,80.89,11,0,12.91,NG,2020-02-23 21:46:59,clear sky,0.0,0.0
148,148,Ilulissat,69.22,-51.1,-2.2,58,0,6.93,GL,2020-02-23 21:46:59,clear sky,0.0,0.0
149,149,Bambous Virieux,-20.34,57.76,77.0,88,40,4.7,MU,2020-02-23 21:46:59,scattered clouds,0.0,0.0
150,150,Te Anau,-45.42,167.72,52.12,72,2,2.98,NZ,2020-02-23 21:46:59,clear sky,0.0,0.0
151,151,Vostok,46.49,135.88,5.68,92,100,3.89,RU,2020-02-23 21:46:59,overcast clouds,0.0,0.0
152,152,Saint George,37.1,-113.58,57.0,40,0,20.8,US,2020-02-23 21:42:51,clear sky,0.0,0.0
153,153,Salta,-24.79,-65.41,66.2,68,40,9.17,AR,2020-02-23 21:42:02,scattered clouds,0.0,0.0
154,154,Babino,56.23,43.62,33.01,94,90,11.18,RU,2020-02-23 21:47:00,overcast clouds,0.0,0.0
155,155,Kiunga,-6.12,141.29,73.76,99,96,1.92,PG,2020-02-23 21:47:00,light rain,2.38,0.0
156,156,Tursunzoda,38.51,68.23,55.4,54,90,6.71,TJ,2020-02-23 21:47:00,overcast clouds,0.0,0.0
157,157,Tabou,4.42,-7.35,78.84,91,96,5.3,CI,2020-02-23 21:43:58,overcast clouds,0.0,0.0
158,158,Barrow,71.29,-156.79,-27.4,74,1,10.29,US,2020-02-23 21:43:53,clear sky,0.0,0.0
159,159,Hamamatsu,34.7,137.73,43.0,67,0,10.0,JP,2020-02-23 21:45:12,clear sky,0.0,0.0
160,160,Atar,20.52,-13.05,84.87,16,100,7.43,MR,2020-02-23 21:47:01,overcast clouds,0.0,0.0
161,161,Quelimane,-17.88,36.89,84.2,79,99,6.93,MZ,2020-02-23 21:43:04,overcast clouds,0.0,0.0
162,162,Coria,39.99,-6.54,54.0,68,0,2.44,ES,2020-02-23 21:47:02,clear sky,0.0,0.0
163,163,Tiksi,71.69,128.87,-8.19,87,100,7.85,RU,2020-02-23 21:47:02,overcast clouds,0.0,0.0
164,164,Honiara,-9.43,159.95,80.6,83,40,2.24,SB,2020-02-23 21:47:02,scattered clouds,0.0,0.0
165,165,Ulaanbaatar,47.91,106.88,12.2,78,75,2.24,MN,2020-02-23 21:46:57,broken clouds,0.0,0.0
166,166,Iquitos,-3.75,-73.25,86.0,70,75,2.24,PE,2020-02-23 21:47:03,broken clouds,0.0,0.0
167,167,Vardo,70.37,31.11,26.6,92,75,12.75,NO,2020-02-23 21:47:03,broken clouds,0.0,0.0
168,168,Luderitz,-26.65,15.16,71.46,57,0,24.92,,2020-02-23 21:47:03,clear sky,0.0,0.0
169,169,San Policarpo,12.18,125.51,78.6,86,6,15.23,PH,2020-02-23 21:47:03,light rain,0.69,0.0
170,170,Nokia,61.47,23.5,35.01,89,75,10.29,FI,2020-02-23 21:47:04,light shower snow,0.0,0.0
171,171,Sonoita,31.85,-112.83,64.0,52,0,1.99,MX,2020-02-23 21:47:04,clear sky,0.0,0.0
172,172,Leningradskiy,69.38,178.42,-14.89,72,100,5.88,RU,2020-02-23 21:43:53,overcast clouds,0.0,0.0
173,173,Buchanan,5.88,-10.05,80.98,86,19,6.53,LR,2020-02-23 21:47:04,few clouds,0.0,0.0
174,174,Vanimo,-2.67,141.3,82.13,80,100,15.3,PG,2020-02-23 21:44:11,light rain,2.13,0.0
175,175,Fairbanks,64.84,-147.72,-2.0,76,1,2.64,US,2020-02-23 21:45:03,clear sky,0.0,0.0
176,176,Jvari,42.72,42.05,41.45,91,28,1.81,GE,2020-02-23 21:47:05,scattered clouds,0.0,0.0
177,177,Puerto Ayora,-0.74,-90.35,84.2,74,75,10.29,EC,2020-02-23 21:47:05,broken clouds,0.0,0.0
178,178,Iskateley,67.68,53.15,30.27,80,89,28.23,RU,2020-02-23 21:44:00,overcast clouds,0.0,0.0
179,179,Saint-Joseph,-21.37,55.62,75.2,78,0,6.93,RE,2020-02-23 21:47:05,clear sky,0.0,0.0
180,180,Mount Isa,-20.73,139.5,78.8,78,75,8.05,AU,2020-02-23 21:47:06,broken clouds,0.0,0.0
181,181,Alamogordo,32.9,-105.96,62.01,23,1,24.16,US,2020-02-23 21:46:04,clear sky,0.0,0.0
182,182,Non Thai,15.2,102.04,63.45,62,15,4.38,TH,2020-02-23 21:47:06,few clouds,0.0,0.0
183,183,Oussouye,12.48,-16.55,78.8,78,88,6.93,SN,2020-02-23 21:47:06,light rain,0.5,0.0
184,184,Lucea,18.45,-78.17,81.0,69,20,17.22,JM,2020-02-23 21:47:07,few clouds,0.0,0.0
185,185,Gonzalez,30.58,-87.29,64.4,59,1,4.7,US,2020-02-23 21:47:07,clear sky,0.0,0.0
186,186,Carora,10.18,-70.08,82.78,44,91,3.65,VE,2020-02-23 21:47:07,overcast clouds,0.0,0.0
187,187,Aktash,50.3,87.73,6.66,97,100,0.92,RU,2020-02-23 21:47:07,light snow,0.0,0.44
188,188,Eureka,40.8,-124.16,57.0,71,75,3.36,US,2020-02-23 21:46:09,broken clouds,0.0,0.0
189,189,Sola,-13.88,167.55,83.14,77,20,14.7,VU,2020-02-23 21:47:08,few clouds,0.0,0.0
190,190,Mbuguni,-3.57,36.95,75.2,83,40,11.41,TZ,2020-02-23 21:47:08,scattered clouds,0.0,0.0
191,191,Kodinsk,58.69,99.18,10.22,96,92,3.98,RU,2020-02-23 21:47:08,overcast clouds,0.0,0.0
192,192,Ashington,50.93,-0.39,48.2,70,100,2.24,GB,2020-02-23 21:47:09,overcast clouds,0.0,0.0
193,193,Yulara,-25.24,130.99,71.6,24,0,8.05,AU,2020-02-23 21:47:09,clear sky,0.0,0.0
194,194,Jagdalpur,19.07,82.03,69.01,58,8,7.2,IN,2020-02-23 21:47:09,clear sky,0.0,0.0
195,195,Rawson,-43.3,-65.1,61.45,82,0,15.26,AR,2020-02-23 21:47:09,clear sky,0.0,0.0
196,196,Chicama,-7.84,-79.15,75.2,83,75,6.93,PE,2020-02-23 21:47:10,mist,0.0,0.0
197,197,Waipawa,-41.41,175.52,66.99,72,28,6.93,NZ,2020-02-23 21:47:10,scattered clouds,0.0,0.0
198,198,Port Alfred,-33.59,26.89,60.01,83,50,2.01,ZA,2020-02-23 21:43:54,scattered clouds,0.0,0.0
199,199,Cayenne,4.93,-52.33,82.4,74,90,12.75,GF,2020-02-23 21:47:10,overcast clouds,0.0,0.0
200,200,Salinas,36.68,-121.66,63.0,58,1,4.7,US,2020-02-23 21:47:10,clear sky,0.0,0.0
201,201,Murray Bridge,-35.12,139.27,73.0,54,99,3.0,AU,2020-02-23 21:47:11,overcast clouds,0.0,0.0
202,202,Tura,25.52,90.22,66.15,51,33,2.24,IN,2020-02-23 21:47:11,scattered clouds,0.0,0.0
203,203,Chervonohryhorivka,47.62,34.54,41.0,86,75,13.42,UA,2020-02-23 21:47:11,broken clouds,0.0,0.0
204,204,Kenai,60.55,-151.26,19.4,61,1,4.7,US,2020-02-23 21:47:11,clear sky,0.0,0.0
205,205,Moanda,-1.56,13.22,72.61,93,100,1.97,GA,2020-02-23 21:47:11,light rain,0.5,0.0
206,206,Hamilton,39.18,-84.53,54.0,29,75,8.05,US,2020-02-23 21:47:12,broken clouds,0.0,0.0
207,207,Alto Araguaia,-17.31,-53.22,75.56,90,100,2.75,BR,2020-02-23 21:47:12,moderate rain,3.5,0.0
208,208,Dingle,11.0,122.67,72.07,92,58,11.05,PH,2020-02-23 21:44:06,light rain,0.31,0.0
209,209,Cabo San Lucas,22.89,-109.91,82.0,44,20,11.41,MX,2020-02-23 21:43:57,few clouds,0.0,0.0
210,210,Fare,-16.7,-151.02,82.9,71,76,13.38,PF,2020-02-23 21:47:12,broken clouds,0.0,0.0
211,211,Hobyo,5.35,48.53,77.47,73,91,17.43,SO,2020-02-23 21:47:13,overcast clouds,0.0,0.0
212,212,Clyde River,70.47,-68.59,-20.2,75,75,12.75,CA,2020-02-23 21:43:59,broken clouds,0.0,0.0
213,213,Najran,17.49,44.13,71.6,35,94,1.95,SA,2020-02-23 21:47:13,overcast clouds,0.0,0.0
214,214,Sisimiut,66.94,-53.67,-2.88,73,100,3.67,GL,2020-02-23 21:47:13,overcast clouds,0.0,0.0
215,215,Caravelas,-17.71,-39.25,79.25,85,100,14.43,BR,2020-02-23 21:44:15,light rain,0.13,0.0
216,216,Ahipara,-35.17,173.17,77.0,73,0,1.01,NZ,2020-02-23 21:47:14,clear sky,0.0,0.0
217,217,Oum Hadjer,13.3,19.7,74.71,14,0,18.79,TD,2020-02-23 21:47:14,clear sky,0.0,0.0
218,218,Ribeira Grande,38.52,-28.7,60.8,72,75,6.93,PT,2020-02-23 21:43:50,broken clouds,0.0,0.0
219,219,Lamu,-2.27,40.9,82.49,83,29,16.28,KE,2020-02-23 21:47:14,scattered clouds,0.0,0.0
220,220,Tuatapere,-46.13,167.68,56.68,62,72,1.5,NZ,2020-02-23 21:43:47,broken clouds,0.0,0.0
221,221,Konevo,62.12,39.32,31.5,95,98,11.05,RU,2020-02-23 21:47:15,light snow,0.0,0.31
222,222,Ashford,51.15,0.87,48.0,81,100,5.82,GB,2020-02-23 21:43:32,overcast clouds,0.0,0.0
223,223,Camopi,3.17,-52.32,77.52,96,100,3.15,GF,2020-02-23 21:47:15,moderate rain,3.06,0.0
224,224,Belmonte,-15.86,-38.88,78.8,83,75,8.05,BR,2020-02-23 21:47:15,shower rain,0.0,0.0
225,225,Vila Velha,-20.33,-40.29,77.0,69,90,13.87,BR,2020-02-23 21:47:15,overcast clouds,0.0,0.0
226,226,Chuy,-33.7,-53.46,71.87,61,23,10.29,UY,2020-02-23 21:47:12,few clouds,0.0,0.0
227,227,Vila Franca Do Campo,37.72,-25.43,59.0,82,20,3.36,PT,2020-02-23 21:44:08,few clouds,0.0,0.0
228,228,Sept-Iles,50.2,-66.38,34.0,86,75,4.7,CA,2020-02-23 21:47:16,broken clouds,0.0,0.0
229,229,Arraial Do Cabo,-22.97,-42.03,77.0,65,75,4.7,BR,2020-02-23 21:43:46,broken clouds,0.0,0.0
230,230,Yar-Sale,66.83,70.83,29.5,84,100,27.89,RU,2020-02-23 21:47:17,overcast clouds,0.0,0.0
231,231,Nalgonda,17.05,79.27,68.86,85,40,7.54,IN,2020-02-23 21:47:17,scattered clouds,0.0,0.0
232,232,Lakes Entrance,-37.88,147.98,70.0,89,97,3.89,AU,2020-02-23 21:47:17,overcast clouds,0.0,0.0
233,233,Zalesovo,53.99,84.74,14.0,92,82,2.1,RU,2020-02-23 21:47:18,broken clouds,0.0,0.0
234,234,Tefe,-3.35,-64.71,91.4,66,40,5.82,BR,2020-02-23 21:47:18,scattered clouds,0.0,0.0
235,235,Bereda,43.27,-7.54,52.0,100,1,4.7,ES,2020-02-23 21:47:18,fog,0.0,0.0
236,236,Hirara,24.8,125.28,67.53,74,100,13.89,JP,2020-02-23 21:47:18,overcast clouds,0.0,0.0
237,237,Sheregesh,52.92,87.99,16.14,97,95,1.16,RU,2020-02-23 21:47:18,light snow,0.0,0.31
238,238,Ostrovnoy,68.05,39.51,29.05,95,100,15.93,RU,2020-02-23 21:44:05,light snow,0.0,0.44
239,239,Xochihuehuetlan,17.92,-98.43,92.43,17,0,5.41,MX,2020-02-23 21:47:19,clear sky,0.0,0.0
240,240,Port Elizabeth,-33.92,25.57,55.4,82,0,4.65,ZA,2020-02-23 21:46:53,clear sky,0.0,0.0
241,241,Nacozari,25.34,-108.26,84.99,44,0,13.0,MX,2020-02-23 21:47:19,clear sky,0.0,0.0
242,242,Nanortalik,60.14,-45.24,27.72,79,100,1.72,GL,2020-02-23 21:47:20,light snow,0.0,0.94
243,243,Coquimbo,-29.95,-71.34,66.2,63,49,14.99,CL,2020-02-23 21:47:20,scattered clouds,0.0,0.0
244,244,Panama City,8.99,-79.52,89.6,35,20,16.11,PA,2020-02-23 21:44:34,few clouds,0.0,0.0
245,245,Belaya Gora,68.53,146.42,-13.63,97,100,3.2,RU,2020-02-23 21:47:21,overcast clouds,0.0,0.0
246,246,Portland,45.52,-122.68,51.01,53,75,23.04,US,2020-02-23 21:44:41,light rain,0.0,0.0
247,247,Sovetskiy,61.36,63.58,27.14,88,85,13.42,RU,2020-02-23 21:47:21,overcast clouds,0.0,0.0
248,248,Moyale,3.52,39.06,79.52,20,71,15.82,KE,2020-02-23 21:44:41,broken clouds,0.0,0.0
249,249,Turkistan,43.0,68.0,36.99,72,100,0.63,KZ,2020-02-23 21:47:22,overcast clouds,0.0,0.0
250,250,Plouzane,48.38,-4.62,52.0,100,90,17.22,FR,2020-02-23 21:47:22,mist,0.0,0.0
251,251,Springdale,36.19,-94.13,50.0,100,90,5.82,US,2020-02-23 21:47:22,light rain,0.0,0.0
252,252,Xining,36.62,101.77,27.03,48,0,1.79,CN,2020-02-23 21:44:06,clear sky,0.0,0.0
253,253,Gat,31.61,34.76,55.4,82,20,2.24,IL,2020-02-23 21:47:23,few clouds,0.0,0.0
254,254,Iquique,-20.22,-70.14,77.0,61,91,16.11,CL,2020-02-23 21:47:23,overcast clouds,0.0,0.0
255,255,Thompson,55.74,-97.86,17.6,67,90,6.93,CA,2020-02-23 21:47:24,overcast clouds,0.0,0.0
256,256,Vynohradove,46.37,32.94,44.01,99,100,15.64,UA,2020-02-23 21:47:24,overcast clouds,0.0,0.0
257,257,Tekeli,44.83,78.82,19.74,69,100,7.02,KZ,2020-02-23 21:47:24,overcast clouds,0.0,0.0
258,258,Kaitangata,-46.28,169.85,63.0,65,100,8.01,NZ,2020-02-23 21:47:24,overcast clouds,0.0,0.0
259,259,Guerrero Negro,27.98,-114.06,64.15,59,100,18.7,MX,2020-02-23 21:47:24,overcast clouds,0.0,0.0
260,260,Bubaque,11.28,-15.83,78.69,72,9,17.47,GW,2020-02-23 21:47:25,clear sky,0.0,0.0
261,261,Paamiut,61.99,-49.67,16.54,65,100,5.82,GL,2020-02-23 21:44:02,overcast clouds,0.0,0.0
262,262,Hualmay,-11.1,-77.61,80.71,53,81,8.34,PE,2020-02-23 21:47:25,broken clouds,0.0,0.0
263,263,Nizhniy Tsasuchey,50.52,115.13,11.66,78,0,7.47,RU,2020-02-23 21:47:25,clear sky,0.0,0.0
264,264,Touros,-5.2,-35.46,82.4,83,20,11.41,BR,2020-02-23 21:47:25,few clouds,0.0,0.0
265,265,San Carlos De Bariloche,-41.15,-71.31,68.0,32,40,32.21,AR,2020-02-23 21:47:26,scattered clouds,0.0,0.0
266,266,Asau,46.43,26.4,53.6,50,40,14.99,RO,2020-02-23 21:47:26,scattered clouds,0.0,0.0
267,267,Mutoko,-17.4,32.23,68.56,92,100,5.48,ZW,2020-02-23 21:47:26,overcast clouds,0.0,0.0
268,268,Pallasovka,50.05,46.88,31.82,87,98,14.88,RU,2020-02-23 21:47:26,overcast clouds,0.0,0.0
269,269,Pevek,69.7,170.31,-13.94,99,100,5.64,RU,2020-02-23 21:43:55,overcast clouds,0.0,0.0
270,270,Eregli,37.51,34.05,38.26,82,29,2.04,TR,2020-02-23 21:47:27,scattered clouds,0.0,0.0
271,271,Kristiansund,63.11,7.73,35.6,74,75,33.33,NO,2020-02-23 21:47:27,light snow,0.0,0.0
272,272,Bafut,6.08,10.1,67.06,26,69,0.72,CM,2020-02-23 21:47:27,broken clouds,0.0,0.0
273,273,Victoria,22.29,114.16,69.01,63,20,25.28,HK,2020-02-23 21:43:57,few clouds,0.0,0.0
274,274,Bourg-En-Bresse,46.17,5.17,54.0,53,96,1.12,FR,2020-02-23 21:47:27,overcast clouds,0.0,0.0
275,275,Beloha,-25.17,45.05,76.28,89,100,3.83,MG,2020-02-23 21:47:28,light rain,0.5,0.0
276,276,Cuamba,-14.8,36.54,71.46,97,98,2.3,MZ,2020-02-23 21:47:28,moderate rain,3.56,0.0
277,277,Kurumkan,54.3,110.3,-1.98,76,0,2.66,RU,2020-02-23 21:47:28,clear sky,0.0,0.0
278,278,Mandalgovi,45.76,106.27,19.58,62,99,10.78,MN,2020-02-23 21:46:06,overcast clouds,0.0,0.0
279,279,Santiago,-33.46,-70.65,82.0,28,0,6.93,CL,2020-02-23 21:44:08,clear sky,0.0,0.0
280,280,Caucaia,-3.74,-38.65,82.4,78,100,6.93,BR,2020-02-23 21:47:29,overcast clouds,0.0,0.0
281,281,Undory,54.61,48.39,32.0,84,90,20.13,RU,2020-02-23 21:47:29,overcast clouds,0.0,0.0
282,282,Yaguajay,22.33,-79.24,73.81,74,16,23.44,CU,2020-02-23 21:47:29,light rain,0.19,0.0
283,283,Maragogi,-9.01,-35.22,82.38,77,3,14.03,BR,2020-02-23 21:47:30,clear sky,0.0,0.0
284,284,Longyearbyen,78.22,15.64,-4.0,76,20,9.17,SJ,2020-02-23 21:47:30,few clouds,0.0,0.0
285,285,Altay,47.87,88.12,7.88,78,50,4.32,CN,2020-02-23 21:47:30,scattered clouds,0.0,0.0
286,286,San Cristobal,7.77,-72.22,84.2,54,40,4.7,VE,2020-02-23 21:47:00,scattered clouds,0.0,0.0
287,287,Cidreira,-30.18,-50.21,71.91,73,1,17.29,BR,2020-02-23 21:44:04,clear sky,0.0,0.0
288,288,Rio Gallegos,-51.62,-69.22,66.2,29,40,20.8,AR,2020-02-23 21:47:31,scattered clouds,0.0,0.0
289,289,Padang,-0.95,100.35,69.89,84,0,6.46,ID,2020-02-23 21:43:59,clear sky,0.0,0.0
290,290,Klaksvik,62.23,-6.59,37.4,55,25,23.04,FO,2020-02-23 21:44:05,scattered clouds,0.0,0.0
291,291,Meulaboh,4.14,96.13,81.03,81,5,7.7,ID,2020-02-23 21:47:31,clear sky,0.0,0.0
292,292,Banda Aceh,5.56,95.32,74.55,82,0,6.78,ID,2020-02-23 21:44:12,clear sky,0.0,0.0
293,293,Khomutovka,51.92,34.56,31.41,87,0,9.6,RU,2020-02-23 21:47:32,clear sky,0.0,0.0
294,294,Porto Novo,6.5,2.6,86.0,84,20,11.41,BJ,2020-02-23 21:47:32,few clouds,0.0,0.0
295,295,Sitka,57.05,-135.33,33.8,93,90,5.82,US,2020-02-23 21:47:32,light rain,0.0,0.0
296,296,Gayny,60.31,54.32,26.33,91,100,14.67,RU,2020-02-23 21:47:32,light snow,0.0,0.38
297,297,Mazagao,-0.12,-51.29,84.2,94,75,4.7,BR,2020-02-23 21:47:33,broken clouds,0.0,0.0
298,298,Hasaki,35.73,140.83,34.0,33,20,1.12,JP,2020-02-23 21:45:25,few clouds,0.0,0.0
299,299,Marawi,8.0,124.29,73.0,87,42,5.99,PH,2020-02-23 21:47:33,scattered clouds,0.0,0.0
300,300,Huicungo,-7.28,-76.8,71.58,92,64,2.24,PE,2020-02-23 21:47:33,light rain,1.75,0.0
301,301,Moerai,-22.43,-151.33,81.25,67,11,6.91,PF,2020-02-23 21:47:33,few clouds,0.0,0.0
302,302,Krasnoarmeysk,51.02,45.7,32.0,98,100,8.01,RU,2020-02-23 21:47:34,light snow,0.0,0.75
303,303,Oktyabrskiy,54.48,53.47,23.36,90,100,17.27,RU,2020-02-23 21:47:34,light snow,0.0,0.25
304,304,Norman Wells,65.28,-126.83,5.0,71,75,10.29,CA,2020-02-23 21:43:49,broken clouds,0.0,0.0
305,305,Teya,60.38,92.63,1.76,93,3,3.27,RU,2020-02-23 21:47:34,clear sky,0.0,0.0
306,306,Leopold,-38.18,144.47,68.0,100,90,1.68,AU,2020-02-23 21:47:35,overcast clouds,0.0,0.0
307,307,Tezu,27.92,96.17,60.64,47,0,2.8,IN,2020-02-23 21:47:35,clear sky,0.0,0.0
308,308,Estelle,29.85,-90.11,70.0,55,1,6.93,US,2020-02-23 21:43:22,clear sky,0.0,0.0
309,309,Kaeo,-35.1,173.78,77.0,74,0,3.0,NZ,2020-02-23 21:43:46,clear sky,0.0,0.0
310,310,Kasongo,-4.45,26.67,73.69,96,100,1.86,CD,2020-02-23 21:47:36,light rain,2.31,0.0
311,311,Mahebourg,-20.41,57.7,77.0,88,40,4.7,MU,2020-02-23 21:47:36,scattered clouds,0.0,0.0
312,312,Ucluelet,48.93,-125.55,46.99,93,90,28.86,CA,2020-02-23 21:44:05,light intensity shower rain,0.0,0.0
313,313,Koundara,12.48,-13.3,88.9,18,98,2.48,GN,2020-02-23 21:47:36,overcast clouds,0.0,0.0
314,314,Muzhi,65.37,64.67,26.91,81,27,22.53,RU,2020-02-23 21:47:36,scattered clouds,0.0,0.0
315,315,Coihaique,-45.58,-72.07,62.6,45,40,11.41,CL,2020-02-23 21:43:45,scattered clouds,0.0,0.0
316,316,Elliot Lake,46.38,-82.63,37.4,74,1,14.99,CA,2020-02-23 21:47:37,clear sky,0.0,0.0
317,317,Kalevala,65.2,31.17,26.47,89,100,10.76,RU,2020-02-23 21:47:37,overcast clouds,0.0,0.0
318,318,Kawalu,-7.38,108.21,70.41,88,4,3.71,ID,2020-02-23 21:47:37,clear sky,0.0,0.0
319,319,Manoel Urbano,-8.84,-69.26,84.78,58,66,1.5,BR,2020-02-23 21:47:38,broken clouds,0.0,0.0
320,320,Bandarbeyla,9.49,50.81,78.08,75,100,16.04,SO,2020-02-23 21:47:38,overcast clouds,0.0,0.0
321,321,Muisne,0.6,-80.03,80.6,100,75,16.11,EC,2020-02-23 21:47:38,broken clouds,0.0,0.0
322,322,Wanning,18.8,110.4,69.31,90,84,5.95,CN,2020-02-23 21:47:38,light rain,1.19,0.0
323,323,Carballo,43.21,-8.69,55.0,100,0,4.7,ES,2020-02-23 21:47:39,fog,0.0,0.0
324,324,Alugan,12.22,125.48,78.6,86,6,15.23,PH,2020-02-23 21:47:39,light rain,0.69,0.0
325,325,La Primavera,5.49,-70.41,96.85,32,71,8.7,CO,2020-02-23 21:47:39,broken clouds,0.0,0.0
326,326,Ozernovskiy,51.5,156.52,26.65,85,100,23.51,RU,2020-02-23 21:47:39,light snow,0.0,1.38
327,327,Mwene-Ditu,-7.0,23.45,67.91,97,100,5.03,CD,2020-02-23 21:47:40,light rain,0.25,0.0
328,328,Malanje,-9.54,16.34,64.87,96,99,4.09,AO,2020-02-23 21:47:40,overcast clouds,0.0,0.0
329,329,Adrar,20.5,-10.07,85.57,9,100,9.98,MR,2020-02-23 21:47:40,overcast clouds,0.0,0.0
330,330,Clarence Town,-32.58,151.78,70.0,83,75,4.7,AU,2020-02-23 21:47:40,light rain,0.0,0.0
331,331,Panjab,34.39,67.02,17.58,95,94,2.17,AF,2020-02-23 21:47:40,overcast clouds,0.0,0.0
332,332,Mersing,2.43,103.84,78.8,100,45,12.75,MY,2020-02-23 21:47:41,light rain,0.31,0.0
333,333,Yomou,7.56,-9.27,80.87,64,60,4.32,GN,2020-02-23 21:47:41,broken clouds,0.0,0.0
334,334,Fonte Boa,-2.5,-66.27,81.5,80,36,3.56,BR,2020-02-23 21:47:41,light rain,2.38,0.0
335,335,Pampierstad,-27.78,24.69,70.29,35,1,4.34,ZA,2020-02-23 21:47:41,clear sky,0.0,0.0
336,336,Mareeba,-17.0,145.43,79.0,100,90,2.24,AU,2020-02-23 21:47:42,light rain,0.0,0.0
337,337,Tabuk,17.42,121.44,67.71,95,100,3.69,PH,2020-02-23 21:47:42,light rain,0.13,0.0
338,338,Banikoara,11.3,2.44,83.23,12,0,7.18,BJ,2020-02-23 21:47:42,clear sky,0.0,0.0
339,339,Ingham,42.6,-84.38,52.0,46,1,8.05,US,2020-02-23 21:47:42,clear sky,0.0,0.0
340,340,Sobolevo,54.43,31.9,32.52,80,100,11.95,RU,2020-02-23 21:47:42,overcast clouds,0.0,0.0
341,341,Baherden,38.44,57.43,53.85,62,0,8.16,TM,2020-02-23 21:47:43,clear sky,0.0,0.0
342,342,Synya,65.37,58.04,28.65,88,100,18.01,RU,2020-02-23 21:47:43,light snow,0.0,0.25
343,343,Redland,39.15,-77.14,59.0,20,1,8.05,US,2020-02-23 21:47:43,clear sky,0.0,0.0
344,344,Torbay,47.67,-52.73,33.01,81,20,13.87,CA,2020-02-23 21:43:48,few clouds,0.0,0.0
345,345,Phalaborwa,-23.94,31.14,66.56,71,74,17.85,ZA,2020-02-23 21:47:44,broken clouds,0.0,0.0
346,346,Alofi,-19.06,-169.92,82.4,88,100,9.17,NU,2020-02-23 21:47:44,light rain,2.75,0.0
347,347,Correntina,-13.34,-44.64,78.08,79,26,2.64,BR,2020-02-23 21:47:44,scattered clouds,0.0,0.0
348,348,Alice Springs,-23.7,133.88,66.2,39,99,2.24,AU,2020-02-23 21:47:44,overcast clouds,0.0,0.0
349,349,Ancud,-41.87,-73.82,59.0,58,69,14.99,CL,2020-02-23 21:46:10,light rain,0.38,0.0
350,350,Kamenka,51.32,42.77,33.01,97,100,4.0,RU,2020-02-23 21:47:45,snow,0.0,1.75
351,351,Zemio,5.03,25.14,78.08,24,31,6.46,CF,2020-02-23 21:47:45,scattered clouds,0.0,0.0
352,352,Talakan,50.32,130.37,7.05,91,100,0.98,RU,2020-02-23 21:44:37,overcast clouds,0.0,0.0
353,353,North Bend,43.41,-124.22,51.01,81,75,14.99,US,2020-02-23 21:47:45,broken clouds,0.0,0.0
354,354,Troitskoye,52.98,84.68,16.48,95,82,2.04,RU,2020-02-23 21:47:46,broken clouds,0.0,0.0
355,355,Vestmannaeyjar,63.44,-20.27,40.78,63,100,27.31,IS,2020-02-23 21:47:46,light snow,0.0,0.88
356,356,Khutar,28.2,80.28,61.75,70,6,2.86,IN,2020-02-23 21:47:46,clear sky,0.0,0.0
357,357,Saint Anthony,45.02,-93.22,44.6,48,1,11.41,US,2020-02-23 21:43:49,clear sky,0.0,0.0
358,358,Byron Bay,-28.65,153.62,73.99,94,90,5.82,AU,2020-02-23 21:45:49,overcast clouds,0.0,0.0
359,359,Lorengau,-2.02,147.27,83.32,71,72,5.12,PG,2020-02-23 21:47:47,broken clouds,0.0,0.0
360,360,Constitucion,-35.33,-72.42,61.25,82,67,6.71,CL,2020-02-23 21:47:47,broken clouds,0.0,0.0
361,361,Weihai,37.5,122.11,40.77,84,10,14.23,CN,2020-02-23 21:47:47,clear sky,0.0,0.0
362,362,Sawakin,19.11,37.33,73.99,82,100,13.49,SD,2020-02-23 21:47:47,light rain,0.13,0.0
363,363,Melito Di Porto Salvo,37.92,15.77,57.99,71,40,13.87,IT,2020-02-23 21:45:37,scattered clouds,0.0,0.0
364,364,Cururupu,-1.83,-44.87,79.74,82,28,4.56,BR,2020-02-23 21:47:48,light rain,0.44,0.0
365,365,Port Hedland,-20.32,118.57,78.8,78,70,6.93,AU,2020-02-23 21:47:48,broken clouds,0.0,0.0
366,366,Mount Hagen,-5.86,144.23,53.35,98,100,1.74,PG,2020-02-23 21:43:03,moderate rain,11.38,0.0
367,367,Aketi,2.74,23.78,81.88,35,100,3.2,CD,2020-02-23 21:43:02,overcast clouds,0.0,0.0
368,368,Palencia,42.42,-4.5,50.0,80,0,1.99,ES,2020-02-23 21:47:49,clear sky,0.0,0.0
369,369,Semnan,35.57,53.4,49.06,57,0,1.95,IR,2020-02-23 21:47:49,clear sky,0.0,0.0
370,370,La Trinidad,16.45,120.59,66.33,74,100,5.91,PH,2020-02-23 21:47:49,overcast clouds,0.0,0.0
371,371,Port Macquarie,-31.43,152.92,68.0,100,75,5.82,AU,2020-02-23 21:47:03,broken clouds,0.0,0.0
372,372,Batagay-Alyta,67.8,130.41,-19.79,68,0,3.87,RU,2020-02-23 21:43:57,clear sky,0.0,0.0
373,373,Kahului,20.89,-156.47,80.6,54,20,6.93,US,2020-02-23 21:45:32,few clouds,0.0,0.0
374,374,Pisco,-13.7,-76.22,75.99,30,75,8.05,PE,2020-02-23 21:47:50,broken clouds,0.0,0.0
375,375,Anuchino,43.96,133.05,25.47,85,100,7.0,RU,2020-02-23 21:47:50,light snow,0.0,0.19
376,376,Dakar,14.69,-17.44,71.6,83,86,21.92,SN,2020-02-23 21:42:53,overcast clouds,0.0,0.0
377,377,Moose Factory,51.26,-80.61,14.0,78,1,12.75,CA,2020-02-23 21:47:51,clear sky,0.0,0.0
378,378,Half Moon Bay,37.46,-122.43,64.4,58,75,4.7,US,2020-02-23 21:47:51,broken clouds,0.0,0.0
379,379,Opotiki,-38.08,177.28,68.0,61,0,10.0,NZ,2020-02-23 21:47:51,clear sky,0.0,0.0
380,380,Beira,-19.84,34.84,84.2,79,75,21.92,MZ,2020-02-23 21:47:51,broken clouds,0.0,0.0
381,381,Espanola,35.99,-106.08,43.0,64,90,4.7,US,2020-02-23 21:47:15,overcast clouds,0.0,0.0
382,382,Nome,64.5,-165.41,3.2,84,90,10.29,US,2020-02-23 21:44:15,light snow,0.0,0.0
383,383,Jumla,29.27,82.18,28.18,69,70,4.99,NP,2020-02-23 21:47:52,broken clouds,0.0,0.0
384,384,Nanding,36.75,118.06,46.99,62,100,6.24,CN,2020-02-23 21:47:53,overcast clouds,0.0,0.0
385,385,Bidor,4.11,101.29,78.8,74,20,6.93,MY,2020-02-23 21:47:53,few clouds,0.0,0.0
386,386,Miandrivazo,-19.52,45.47,76.84,90,49,3.47,MG,2020-02-23 21:47:53,moderate rain,3.38,0.0
387,387,Puerto Narino,-3.77,-70.38,87.8,74,40,6.93,CO,2020-02-23 21:47:53,scattered clouds,0.0,0.0
388,388,Sosnogorsk,63.6,53.88,27.41,92,100,14.32,RU,2020-02-23 21:47:54,light snow,0.0,0.19
389,389,Puerto Princesa,9.74,118.74,77.0,83,75,4.7,PH,2020-02-23 21:47:54,broken clouds,0.0,0.0
390,390,Inirida,3.87,-67.92,83.98,78,100,3.89,CO,2020-02-23 21:47:54,moderate rain,3.44,0.0
391,391,Yerbogachen,61.28,108.01,18.16,93,100,11.1,RU,2020-02-23 21:47:54,light snow,0.0,0.31
392,392,Vila,42.03,-8.16,57.99,71,0,2.24,PT,2020-02-23 21:47:55,clear sky,0.0,0.0
393,393,Barcelos,41.54,-8.62,59.0,100,0,3.36,PT,2020-02-23 21:43:49,mist,0.0,0.0
394,394,Souillac,-20.52,57.52,77.0,88,40,4.7,MU,2020-02-23 21:47:55,scattered clouds,0.0,0.0
395,395,Mount Pleasant,32.79,-79.86,66.0,36,1,5.82,US,2020-02-23 21:45:09,clear sky,0.0,0.0
396,396,Poim,53.03,43.19,31.37,97,100,11.95,RU,2020-02-23 21:47:56,light snow,0.0,1.25
397,397,Nuuk,64.18,-51.72,15.8,85,87,11.41,GL,2020-02-23 21:47:56,light shower snow,0.0,0.0
398,398,Olafsvik,64.89,-23.71,30.24,95,100,6.78,IS,2020-02-23 21:47:57,snow,0.0,2.31
399,399,Chernyshevskiy,63.01,112.47,6.31,95,100,8.23,RU,2020-02-23 21:47:57,overcast clouds,0.0,0.0
400,400,Whitianga,-36.83,175.7,60.82,67,0,7.67,NZ,2020-02-23 21:47:57,clear sky,0.0,0.0
401,401,Tianpeng,30.99,103.94,55.0,87,20,4.99,CN,2020-02-23 21:47:00,mist,0.0,0.0
402,402,Aksehir,38.36,31.42,34.7,90,13,5.01,TR,2020-02-23 21:47:58,few clouds,0.0,0.0
403,403,Tual,-5.67,132.75,82.78,77,100,10.6,ID,2020-02-23 21:47:58,light rain,2.69,0.0
404,404,Udomlya,57.88,34.99,34.0,96,100,12.55,RU,2020-02-23 21:47:58,light snow,0.0,0.88
405,405,Orchard Homes,46.86,-114.05,46.4,52,90,4.83,US,2020-02-23 21:47:59,overcast clouds,0.0,0.0
406,406,Awbari,26.59,12.78,53.13,44,0,6.87,LY,2020-02-23 21:47:59,clear sky,0.0,0.0
407,407,Yumen,40.28,97.2,27.45,49,32,14.5,CN,2020-02-23 21:47:59,scattered clouds,0.0,0.0
408,408,Boa Esperanca,-21.09,-45.57,70.3,87,86,7.05,BR,2020-02-23 21:47:59,overcast clouds,0.0,0.0
409,409,Posse,-14.09,-46.37,78.93,84,96,2.91,BR,2020-02-23 21:47:59,light rain,1.0,0.0
410,410,Blythe,33.61,-114.6,72.0,30,1,4.7,US,2020-02-23 21:48:00,clear sky,0.0,0.0
411,411,Nogliki,51.83,143.17,-5.19,96,23,7.45,RU,2020-02-23 21:48:00,few clouds,0.0,0.0
412,412,Totness,5.88,-56.32,80.08,82,48,17.31,SR,2020-02-23 21:48:00,scattered clouds,0.0,0.0
413,413,Umm Kaddadah,13.6,26.69,68.67,18,0,12.15,SD,2020-02-23 21:48:00,clear sky,0.0,0.0
414,414,Vermillion,42.78,-96.93,51.8,73,1,11.41,US,2020-02-23 21:48:01,clear sky,0.0,0.0
415,415,Alta Floresta,-9.88,-56.09,73.94,97,100,5.55,BR,2020-02-23 21:45:49,light rain,1.06,0.0
416,416,Iwanai,42.97,140.51,27.23,77,100,12.08,JP,2020-02-23 21:48:01,overcast clouds,0.0,0.0
417,417,Tigil,57.8,158.67,-2.38,75,91,5.19,RU,2020-02-23 21:48:01,overcast clouds,0.0,0.0
418,418,San Jose,37.34,-121.89,64.0,58,75,4.7,US,2020-02-23 21:45:59,broken clouds,0.0,0.0
419,419,Lata,40.16,-8.33,62.01,76,0,1.12,PT,2020-02-23 21:48:02,clear sky,0.0,0.0
420,420,Nemuro,43.32,145.57,27.66,77,35,19.71,JP,2020-02-23 21:48:02,scattered clouds,0.0,0.0
421,421,Kaura Namoda,12.59,6.58,76.71,13,0,12.44,NG,2020-02-23 21:48:02,clear sky,0.0,0.0
422,422,Casambalangan,18.38,122.13,75.54,81,75,15.84,PH,2020-02-23 21:48:03,light rain,2.13,0.0
423,423,Las Palmas,28.42,-14.01,71.6,60,100,12.75,ES,2020-02-23 21:48:03,haze,0.0,0.0
424,424,Langsa,4.47,97.97,72.82,90,4,2.75,ID,2020-02-23 21:48:03,clear sky,0.0,0.0
425,425,Ambon,-3.7,128.18,80.82,80,100,9.48,ID,2020-02-23 21:48:03,light rain,0.44,0.0
426,426,Bonavista,48.65,-53.11,30.99,82,27,11.01,CA,2020-02-23 21:48:03,scattered clouds,0.0,0.0
427,427,Smithers,54.78,-127.17,35.6,43,75,2.24,CA,2020-02-23 21:48:04,broken clouds,0.0,0.0
428,428,Kuching,1.55,110.33,77.0,100,40,2.24,MY,2020-02-23 21:48:04,scattered clouds,0.0,0.0
429,429,Rabo De Peixe,37.8,-25.58,57.2,82,20,3.36,PT,2020-02-23 21:48:04,few clouds,0.0,0.0
430,430,Komsomolskiy,40.43,71.72,50.0,81,75,6.93,UZ,2020-02-23 21:48:04,mist,0.0,0.0
431,431,Berlevag,70.86,29.09,30.2,92,75,11.41,NO,2020-02-23 21:48:04,broken clouds,0.0,0.0
432,432,Boyolangu,-8.12,111.89,73.22,95,50,3.06,ID,2020-02-23 21:48:05,scattered clouds,0.0,0.0
433,433,General Pico,-35.66,-63.76,89.85,19,0,14.76,AR,2020-02-23 21:48:05,clear sky,0.0,0.0
434,434,Botwood,49.15,-55.35,33.01,84,20,14.99,CA,2020-02-23 21:48:05,few clouds,0.0,0.0
435,435,Lagoa,39.05,-27.98,60.49,79,4,12.68,PT,2020-02-23 21:48:05,clear sky,0.0,0.0
436,436,Belomorsk,64.52,34.77,31.5,93,100,15.17,RU,2020-02-23 21:48:05,light snow,0.0,0.44
437,437,Margate,51.38,1.39,48.0,81,100,2.24,GB,2020-02-23 21:48:06,overcast clouds,0.0,0.0
438,438,Port Blair,11.67,92.75,75.2,88,40,4.7,IN,2020-02-23 21:44:07,mist,0.0,0.0
439,439,Brooks,50.58,-111.89,32.0,84,100,10.0,CA,2020-02-23 21:48:06,light snow,0.0,0.31
440,440,Koindu,8.44,-10.33,82.87,45,28,2.89,GN,2020-02-23 21:48:06,scattered clouds,0.0,0.0
441,441,Sakakah,29.97,40.21,60.8,29,100,8.05,SA,2020-02-23 21:48:06,overcast clouds,0.0,0.0
442,442,Imbituba,-28.24,-48.67,75.2,64,75,9.17,BR,2020-02-23 21:47:25,broken clouds,0.0,0.0
443,443,Puerto Escondido,15.85,-97.07,87.8,79,20,5.82,MX,2020-02-23 21:44:16,few clouds,0.0,0.0
444,444,Kununurra,-15.77,128.73,75.2,88,78,4.7,AU,2020-02-23 21:48:07,broken clouds,0.0,0.0
445,445,Purpe,64.48,76.69,21.0,91,100,4.0,RU,2020-02-23 21:48:08,overcast clouds,0.0,0.0
446,446,Bosaso,11.28,49.18,76.42,81,1,15.82,SO,2020-02-23 21:48:08,clear sky,0.0,0.0
447,447,Camana,-16.62,-72.71,72.27,70,57,9.78,PE,2020-02-23 21:48:08,broken clouds,0.0,0.0
448,448,Port Hardy,50.7,-127.42,41.0,93,90,2.24,CA,2020-02-23 21:48:08,light rain,0.0,0.0
449,449,Tres Lagoas,-20.75,-51.68,75.45,89,99,8.03,BR,2020-02-23 21:48:08,overcast clouds,0.0,0.0
450,450,Aguie,13.51,7.78,75.94,12,0,15.79,NE,2020-02-23 21:48:09,clear sky,0.0,0.0
451,451,Yichun,47.7,128.9,14.23,96,98,2.59,CN,2020-02-23 21:48:09,light snow,0.0,0.5
452,452,Hami,42.8,93.45,28.92,59,65,0.63,CN,2020-02-23 21:48:09,broken clouds,0.0,0.0
453,453,Hudiksvall,61.73,17.1,34.0,55,40,5.99,SE,2020-02-23 21:48:09,scattered clouds,0.0,0.0
454,454,Northam,51.03,-4.22,48.0,93,75,4.7,GB,2020-02-23 21:48:09,light intensity drizzle,0.0,0.0
455,455,Saint-Georges,12.06,-61.75,78.8,88,75,9.17,GD,2020-02-23 21:48:10,broken clouds,0.0,0.0
456,456,Beipiao,41.79,120.78,28.49,63,40,6.31,CN,2020-02-23 21:48:10,scattered clouds,0.0,0.0
457,457,Tazovskiy,67.47,78.7,26.74,91,100,17.36,RU,2020-02-23 21:48:10,light snow,0.0,0.19
458,458,Onega,63.91,38.14,32.16,88,100,13.31,RU,2020-02-23 21:48:10,light snow,0.0,0.31
459,459,Srandakan,-7.94,110.25,75.56,83,11,2.68,ID,2020-02-23 21:48:11,few clouds,0.0,0.0
460,460,Vikhorevka,56.12,101.16,19.0,100,54,2.24,RU,2020-02-23 21:48:11,broken clouds,0.0,0.0
461,461,Strezhevoy,60.73,77.59,17.6,67,77,8.95,RU,2020-02-23 21:48:12,broken clouds,0.0,0.0
462,462,Cockburn Town,21.46,-71.14,77.0,65,75,16.11,TC,2020-02-23 21:43:55,broken clouds,0.0,0.0
463,463,Tanda,26.55,82.65,62.56,82,0,3.58,IN,2020-02-23 21:48:12,light rain,0.31,0.0
464,464,Olinda,-8.01,-34.86,84.2,74,40,9.17,BR,2020-02-23 21:48:12,scattered clouds,0.0,0.0
465,465,Japura,-0.32,102.35,72.21,98,4,2.24,ID,2020-02-23 21:48:13,clear sky,0.0,0.0
466,466,Langarud,37.2,50.15,50.0,93,90,5.37,IR,2020-02-23 21:48:13,mist,0.0,0.0
467,467,Manta,-0.95,-80.73,84.2,79,40,8.05,EC,2020-02-23 21:48:13,scattered clouds,0.0,0.0
468,468,Birin,26.89,88.07,45.63,75,33,3.6,NP,2020-02-23 21:48:13,scattered clouds,0.0,0.0
469,469,Codrington,-38.27,141.97,62.26,89,97,10.07,AU,2020-02-23 21:48:00,overcast clouds,0.0,0.0
470,470,Suzaka,36.65,138.32,28.0,88,0,4.81,JP,2020-02-23 21:48:14,clear sky,0.0,0.0
471,471,Lensk,60.73,114.93,5.32,95,97,7.16,RU,2020-02-23 21:48:14,overcast clouds,0.0,0.0
472,472,Verkhnevilyuysk,63.45,120.32,-10.55,98,84,4.29,RU,2020-02-23 21:48:14,broken clouds,0.0,0.0
473,473,Sesheke,-17.48,24.3,77.0,83,100,3.36,ZM,2020-02-23 21:48:14,light rain,1.19,0.0
474,474,Jaragua,-15.76,-49.33,69.8,88,40,2.08,BR,2020-02-23 21:48:14,thunderstorm,0.0,0.0
475,475,Kungurtug,50.6,97.52,11.84,97,100,1.57,RU,2020-02-23 21:48:15,light snow,0.0,0.25
476,476,Redmond,47.67,-122.12,50.0,70,75,13.87,US,2020-02-23 21:44:08,light rain,0.0,0.0
477,477,Harper,4.38,-7.72,78.84,91,96,5.3,LR,2020-02-23 21:48:15,overcast clouds,0.0,0.0
478,478,Beringovskiy,63.05,179.32,-12.48,87,1,3.53,RU,2020-02-23 21:48:15,clear sky,0.0,0.0
479,479,Deputatskiy,69.3,139.9,-21.6,96,0,3.11,RU,2020-02-23 21:48:15,clear sky,0.0,0.0
480,480,Sao Filipe,14.9,-24.5,68.41,83,23,16.4,CV,2020-02-23 21:43:45,few clouds,0.0,0.0
481,481,Kruisfontein,-34.0,24.73,56.48,78,0,4.38,ZA,2020-02-23 21:48:16,clear sky,0.0,0.0
482,482,Ranibennur,14.62,75.62,68.34,49,100,9.33,IN,2020-02-23 21:48:16,overcast clouds,0.0,0.0
483,483,Nsanje,-16.92,35.26,75.29,95,100,7.85,MW,2020-02-23 21:48:16,light rain,1.69,0.0
484,484,Fort Nelson,58.81,-122.7,28.4,42,20,2.24,CA,2020-02-23 21:48:16,few clouds,0.0,0.0
485,485,Saravan,39.72,45.65,41.0,86,90,9.17,AM,2020-02-23 21:48:17,overcast clouds,0.0,0.0
486,486,Seoul,37.57,126.98,35.6,86,1,1.12,KR,2020-02-23 21:43:27,clear sky,0.0,0.0
487,487,Labuhan,-6.88,112.21,74.53,94,0,3.24,ID,2020-02-23 21:48:17,clear sky,0.0,0.0
488,488,Kang,-23.68,22.79,68.2,88,100,11.74,BW,2020-02-23 21:48:17,light rain,0.5,0.0
489,489,Lasa,46.62,10.7,48.2,36,100,13.87,IT,2020-02-23 21:48:18,overcast clouds,0.0,0.0
490,490,Ishigaki,24.34,124.16,69.8,73,20,11.41,JP,2020-02-23 21:48:18,few clouds,0.0,0.0
491,491,Kindu,-2.95,25.95,72.88,97,100,1.68,CD,2020-02-23 21:48:18,light rain,0.81,0.0
492,492,Kozhva,65.11,57.05,28.11,88,100,16.58,RU,2020-02-23 21:48:18,light snow,0.0,0.19
493,493,Ulaangom,49.98,92.07,7.47,97,100,1.9,MN,2020-02-23 21:48:18,light snow,0.0,0.25
494,494,Chifeng,42.27,118.96,26.33,73,69,4.16,CN,2020-02-23 21:44:24,broken clouds,0.0,0.0
495,495,Lindi,-10.0,39.72,82.4,83,75,11.41,TZ,2020-02-23 21:48:19,broken clouds,0.0,0.0
496,496,Pudozh,61.81,36.53,32.59,97,100,8.99,RU,2020-02-23 21:48:19,light snow,0.0,0.81
497,497,Yen Bai,21.7,104.87,60.94,91,0,1.39,VN,2020-02-23 21:48:19,clear sky,0.0,0.0
498,498,San Patricio,19.22,-104.7,84.2,74,5,13.87,MX,2020-02-23 21:48:20,clear sky,0.0,0.0
499,499,Yeppoon,-23.13,150.73,73.4,94,40,6.93,AU,2020-02-23 21:48:20,scattered clouds,0.0,0.0
500,500,Gizo,-8.1,156.84,78.8,86,16,4.09,SB,2020-02-23 21:48:20,few clouds,0.0,0.0
501,501,Wanlaweyn,2.62,44.89,77.61,72,45,16.35,SO,2020-02-23 21:48:20,scattered clouds,0.0,0.0
502,502,Chirongui,-12.93,45.15,78.8,94,20,2.24,YT,2020-02-23 21:48:20,few clouds,0.0,0.0
503,503,Timmins,48.47,-81.33,37.4,64,75,10.29,CA,2020-02-23 21:44:56,broken clouds,0.0,0.0
504,504,Hun,29.13,15.95,52.07,64,0,5.08,LY,2020-02-23 21:48:21,clear sky,0.0,0.0
505,505,Puerto Colombia,10.99,-74.95,84.2,62,39,17.22,CO,2020-02-23 21:48:21,smoke,0.0,0.0
506,506,Klang,3.03,101.45,78.8,83,20,2.24,MY,2020-02-23 21:48:21,few clouds,0.0,0.0
507,507,Berdigestyakh,62.1,126.7,-2.09,97,99,3.53,RU,2020-02-23 21:48:21,light snow,0.0,0.13
508,508,Batagay,67.63,134.63,-16.01,99,83,2.53,RU,2020-02-23 21:48:22,broken clouds,0.0,0.0
509,509,Kiama,-34.68,150.87,73.0,68,0,6.93,AU,2020-02-23 21:48:22,clear sky,0.0,0.0
510,510,Khandyga,62.67,135.6,-5.62,98,100,2.59,RU,2020-02-23 21:43:58,light snow,0.0,0.19
511,511,Svetlogorsk,52.63,29.73,36.27,89,100,9.89,BY,2020-02-23 21:48:22,light rain,0.19,0.0
512,512,Raahe,64.68,24.48,32.0,71,58,13.87,FI,2020-02-23 21:48:23,broken clouds,0.0,0.0
513,513,Nyandoma,61.67,40.2,30.4,97,94,10.42,RU,2020-02-23 21:48:23,light snow,0.0,0.44
514,514,Nola,40.92,14.53,57.0,76,40,5.82,IT,2020-02-23 21:48:23,scattered clouds,0.0,0.0
515,515,Smithfield,41.92,-71.55,54.0,23,1,6.93,US,2020-02-23 21:45:24,clear sky,0.0,0.0
516,516,Zhezkazgan,47.8,67.71,6.89,94,0,7.02,KZ,2020-02-23 21:48:24,clear sky,0.0,0.0
517,517,Shwebo,22.57,95.7,70.29,53,6,2.89,MM,2020-02-23 21:48:24,clear sky,0.0,0.0
518,518,Kokoda,-8.88,147.74,64.9,92,100,2.75,PG,2020-02-23 21:48:24,overcast clouds,0.0,0.0
519,519,Toamasina,-18.17,49.38,78.8,88,75,11.39,MG,2020-02-23 21:48:24,shower rain,0.0,0.0
520,520,Chapais,49.78,-74.85,35.6,64,75,9.17,CA,2020-02-23 21:48:24,broken clouds,0.0,0.0
521,521,Corowa,-36.03,146.38,73.0,83,40,2.71,AU,2020-02-23 21:48:25,scattered clouds,0.0,0.0
522,522,Kulunda,52.57,78.94,14.76,96,78,2.06,RU,2020-02-23 21:48:25,light snow,0.0,0.13
523,523,Morant Bay,17.88,-76.41,84.2,62,75,12.75,JM,2020-02-23 21:48:25,broken clouds,0.0,0.0
524,524,Phu Ly,20.54,105.91,66.69,90,99,2.28,VN,2020-02-23 21:46:14,light rain,0.25,0.0
525,525,Muncar,-8.43,114.33,79.84,81,34,4.65,ID,2020-02-23 21:48:26,scattered clouds,0.0,0.0
526,526,Okha,53.57,142.95,-5.69,100,2,7.43,RU,2020-02-23 21:48:26,clear sky,0.0,0.0
527,527,Baillif,16.02,-61.75,82.4,61,40,6.93,GP,2020-02-23 21:48:26,scattered clouds,0.0,0.0
528,528,Jaguariaiva,-24.25,-49.71,71.01,93,95,5.99,BR,2020-02-23 21:48:27,overcast clouds,0.0,0.0
529,529,Goreloye,52.94,41.5,32.45,99,100,9.53,RU,2020-02-23 21:48:27,snow,0.0,1.69
530,530,Boa Vista,2.82,-60.67,95.0,39,40,9.17,BR,2020-02-23 21:43:52,scattered clouds,0.0,0.0
531,531,Brae,60.4,-1.35,41.0,81,96,6.93,GB,2020-02-23 21:48:27,light rain,0.56,0.0
532,532,Namanga,-2.54,36.79,69.78,82,100,7.43,KE,2020-02-23 21:48:27,overcast clouds,0.0,0.0
533,533,Lucapa,-8.42,20.74,67.75,93,100,5.57,AO,2020-02-23 21:48:28,light rain,0.5,0.0
534,534,Santa Maria,-29.68,-53.81,78.8,47,0,10.29,BR,2020-02-23 21:48:28,clear sky,0.0,0.0
535,535,Westport,41.14,-73.36,54.0,37,1,10.29,US,2020-02-23 21:48:28,clear sky,0.0,0.0
536,536,Lokosovo,61.13,74.82,23.25,92,100,9.73,RU,2020-02-23 21:48:28,overcast clouds,0.0,0.0
537,537,Umtata,-31.59,28.78,57.2,87,98,4.7,ZA,2020-02-23 21:48:29,overcast clouds,0.0,0.0
538,538,Havre-Saint-Pierre,50.23,-63.6,30.2,92,90,6.93,CA,2020-02-23 21:48:29,mist,0.0,0.0
539,539,Mecca,21.43,39.83,71.04,61,100,4.09,SA,2020-02-23 21:45:41,overcast clouds,0.0,0.0
540,540,Pulandian,39.4,121.97,39.2,80,100,4.47,CN,2020-02-23 21:48:29,overcast clouds,0.0,0.0
541,541,Acapulco,16.86,-99.89,84.2,74,5,11.41,MX,2020-02-23 21:45:02,clear sky,0.0,0.0
