City_ID,City,Lat,Lng,Max Temp,Humidity,Cloudiness,Wind Speed,Country,Date,Description,Rain inches last 3 hours,Snow inches last 3 hours
0,Katsuura,35.13,140.3,54.0,40,75,9.17,JP,2020-02-24 00:55:24,broken clouds,0,0
1,Punta Arenas,-53.15,-70.92,46.4,70,75,34.45,CL,2020-02-24 00:58:29,broken clouds,0,0
2,Butaritari,3.07,172.79,85.03,76,68,16.37,KI,2020-02-24 00:58:30,moderate rain,3.94,0
3,Springdale,36.19,-94.13,48.2,100,90,8.05,US,2020-02-24 00:56:05,light rain,0,0
4,Fairbanks,64.84,-147.72,0.0,70,20,4.7,US,2020-02-24 00:55:36,few clouds,0,0
5,Ushuaia,-54.8,-68.3,44.6,70,40,24.16,AR,2020-02-24 00:55:05,shower rain,0,0
6,Progreso,21.28,-89.67,78.8,65,20,6.93,MX,2020-02-24 00:58:31,few clouds,0,0
7,Kaabong,3.48,34.15,72.03,44,100,6.35,UG,2020-02-24 00:58:31,overcast clouds,0,0
8,Luderitz,-26.65,15.16,69.21,63,0,16.44,NA,2020-02-24 00:58:31,clear sky,0,0
9,Aykhal,66.0,111.5,6.8,92,100,6.71,RU,2020-02-24 00:58:32,overcast clouds,0,0
10,Luanda,-8.84,13.23,80.6,83,75,4.7,AO,2020-02-24 00:55:35,broken clouds,0,0
11,Nanortalik,60.14,-45.24,27.09,90,100,5.53,GL,2020-02-24 00:58:32,light snow,0,1
12,Tual,-5.67,132.75,83.03,75,95,9.06,ID,2020-02-24 00:58:32,moderate rain,3.12,0
13,Rikitea,-23.12,-134.97,79.97,69,0,9.17,PF,2020-02-24 00:58:32,light rain,0.13,0
14,Bubaque,11.28,-15.83,78.87,71,85,23.85,GW,2020-02-24 00:55:19,overcast clouds,0,0
15,Antofagasta,-23.65,-70.4,69.8,73,40,5.82,CL,2020-02-24 00:58:33,scattered clouds,0,0
16,Albany,42.6,-73.97,37.4,40,1,3.04,US,2020-02-24 00:58:33,clear sky,0,0
17,Mataura,-46.19,168.86,67.1,62,82,1.19,NZ,2020-02-24 00:58:33,broken clouds,0,0
18,Bredasdorp,-34.53,20.04,62.01,81,0,4.7,ZA,2020-02-24 00:58:34,clear sky,0,0
19,Noumea,-22.28,166.46,89.6,52,79,12.75,NC,2020-02-24 00:58:34,broken clouds,0,0
20,Yellowknife,62.46,-114.35,-4.0,64,20,4.7,CA,2020-02-24 00:58:34,few clouds,0,0
21,Leh,34.17,77.58,-7.58,59,0,3.24,IN,2020-02-24 00:58:34,clear sky,0,0
22,Jamestown,42.1,-79.24,46.4,28,75,9.17,US,2020-02-24 00:58:34,broken clouds,0,0
23,Arraial Do Cabo,-22.97,-42.03,75.9,68,100,8.68,BR,2020-02-24 00:56:31,overcast clouds,0,0
24,North Bend,43.41,-124.22,48.2,66,90,12.75,US,2020-02-24 00:58:35,overcast clouds,0,0
25,Castro,-24.79,-50.01,60.91,84,89,8.34,BR,2020-02-24 00:54:51,overcast clouds,0,0
26,Sao Filipe,14.9,-24.5,68.67,82,39,8.63,CV,2020-02-24 00:55:43,scattered clouds,0,0
27,New Norfolk,-42.78,147.06,71.01,59,75,4.7,AU,2020-02-24 00:58:35,broken clouds,0,0
28,Sao Francisco,-15.95,-44.86,75.69,77,100,3.09,BR,2020-02-24 00:56:45,overcast clouds,0,0
29,Talnakh,69.49,88.4,17.6,92,90,33.55,RU,2020-02-24 00:58:36,overcast clouds,0,0
30,Atuona,-9.8,-139.03,81.37,76,20,11.83,PF,2020-02-24 00:58:36,few clouds,0,0
31,Norman Wells,65.28,-126.83,6.8,77,75,8.05,CA,2020-02-24 00:58:36,light snow,0,0
32,Tasiilaq,65.61,-37.64,12.2,56,44,5.82,GL,2020-02-24 00:55:32,scattered clouds,0,0
33,Alexandria,31.22,29.96,46.4,93,40,3.36,EG,2020-02-24 00:55:34,scattered clouds,0,0
34,Khiri Mat,16.83,99.8,79.0,77,20,4.7,TH,2020-02-24 00:58:37,mist,0,0
35,Puerto Ayora,-0.74,-90.35,82.4,78,75,9.17,EC,2020-02-24 00:58:37,broken clouds,0,0
36,Nizwa,22.93,57.53,65.28,50,48,1.25,OM,2020-02-24 00:58:37,scattered clouds,0,0
37,Langsa,4.47,97.97,72.45,91,32,3.18,ID,2020-02-24 00:58:38,scattered clouds,0,0
38,Sitka,57.05,-135.33,33.8,85,90,10.29,US,2020-02-24 00:54:22,light snow,0,0
39,Vaini,-21.2,-175.2,84.2,83,40,9.17,TO,2020-02-24 00:58:38,scattered clouds,0,0
40,Coquimbo,-29.95,-71.34,60.8,82,75,8.05,CL,2020-02-24 00:58:38,broken clouds,0,0
41,Campoverde,-8.48,-74.81,80.6,74,40,2.24,PE,2020-02-24 00:58:39,scattered clouds,0,0
42,Felipe Carrillo Puerto,19.58,-88.05,73.85,72,40,3.74,MX,2020-02-24 00:58:39,scattered clouds,0,0
43,Tuktoyaktuk,69.45,-133.04,-5.8,76,75,12.75,CA,2020-02-24 00:58:39,light snow,0,0
44,Denholm,52.65,-108.02,23.0,62,1,2.24,CA,2020-02-24 00:58:39,clear sky,0,0
45,Lebu,-37.62,-73.65,56.97,80,6,6.58,CL,2020-02-24 00:55:17,clear sky,0,0
46,Shitanjing,39.23,106.34,36.9,34,100,2.62,CN,2020-02-24 00:58:40,overcast clouds,0,0
47,Ponta Do Sol,32.67,-17.1,66.99,48,20,18.34,PT,2020-02-24 00:54:45,few clouds,0,0
48,Lavrentiya,65.58,-171.0,-4.92,77,0,5.3,RU,2020-02-24 00:55:59,clear sky,0,0
49,Havoysund,71.0,24.66,32.0,96,75,16.11,NO,2020-02-24 00:58:40,shower rain,0,0
50,East London,-33.02,27.91,65.5,62,80,0.63,ZA,2020-02-24 00:58:27,broken clouds,0,0
51,Carnarvon,-24.87,113.63,78.8,74,0,4.7,AU,2020-02-24 00:58:41,clear sky,0,0
52,Cape Town,-33.93,18.42,64.99,55,0,14.99,ZA,2020-02-24 00:58:41,clear sky,0,0
53,Hilo,19.73,-155.09,82.4,54,20,16.11,US,2020-02-24 00:57:18,few clouds,0,0
54,Hrodna,53.69,23.83,35.8,92,100,8.37,BY,2020-02-24 00:58:42,overcast clouds,0,0
55,Upernavik,72.79,-56.15,-19.1,89,0,5.64,GL,2020-02-24 00:58:42,clear sky,0,0
56,Cidreira,-30.18,-50.21,72.57,72,0,22.93,BR,2020-02-24 00:58:42,clear sky,0,0
57,Adrar,20.5,-10.07,81.99,9,100,10.11,MR,2020-02-24 00:54:46,overcast clouds,0,0
58,Hobart,-42.88,147.33,71.01,59,75,4.7,AU,2020-02-24 00:57:03,broken clouds,0,0
59,Balabac,7.99,117.06,80.89,73,31,13.18,PH,2020-02-24 00:58:43,light rain,0.31,0
60,Pangody,65.85,74.49,25.81,91,100,21.92,RU,2020-02-24 00:58:43,light snow,0,0.19
61,Kapaa,22.08,-159.32,80.6,61,40,8.05,US,2020-02-24 00:55:03,scattered clouds,0,0
62,Busselton,-33.65,115.33,70.0,77,63,1.99,AU,2020-02-24 00:58:43,broken clouds,0,0
63,Maldonado,-34.67,-54.92,68.0,82,0,6.93,UY,2020-02-24 00:58:43,clear sky,0,0
64,Qaanaaq,77.48,-69.36,-19.1,61,0,5.77,GL,2020-02-24 00:58:44,clear sky,0,0
65,Bandarbeyla,9.49,50.81,78.15,71,81,15.7,SO,2020-02-24 00:56:34,broken clouds,0,0
66,Port Macquarie,-31.43,152.92,73.4,100,75,4.7,AU,2020-02-24 00:56:49,broken clouds,0,0
67,Richards Bay,-28.78,32.04,73.27,71,61,20.2,ZA,2020-02-24 00:58:44,light rain,1.12,0
68,Barrow,71.29,-156.79,-22.0,67,1,12.75,US,2020-02-24 00:58:45,clear sky,0,0
69,Saskylakh,71.92,114.08,7.02,92,97,9.1,RU,2020-02-24 00:58:45,light snow,0,0.13
70,Jalu,29.03,21.55,53.96,58,71,11.61,LY,2020-02-24 00:58:45,broken clouds,0,0
71,Hermanus,-34.42,19.23,63.0,75,0,8.99,ZA,2020-02-24 00:58:46,clear sky,0,0
72,Joshimath,30.57,79.57,26.92,48,34,9.15,IN,2020-02-24 00:58:46,scattered clouds,0,0
73,Turukhansk,65.82,87.98,14.27,94,100,12.12,RU,2020-02-24 00:58:46,light snow,0,0.56
74,Lakes Entrance,-37.88,147.98,77.0,71,96,1.99,AU,2020-02-24 00:58:46,overcast clouds,0,0
75,Selenginsk,52.01,106.86,-9.4,83,90,1.83,RU,2020-02-24 00:53:48,overcast clouds,0,0
76,Pochutla,15.74,-96.47,84.2,69,75,11.41,MX,2020-02-24 00:58:47,broken clouds,0,0
77,Hoi An,15.88,108.33,69.8,83,20,1.12,VN,2020-02-24 00:58:47,few clouds,0,0
78,Bluff,-46.6,168.33,65.21,53,71,4.92,NZ,2020-02-24 00:54:57,broken clouds,0,0
79,Livani,56.35,26.18,34.34,97,53,7.25,LV,2020-02-24 00:58:47,broken clouds,0,0
80,Souillac,-20.52,57.52,73.99,77,21,1.01,MU,2020-02-24 00:58:48,light rain,0.25,0
81,Galesong,-5.32,119.37,82.4,88,20,3.36,ID,2020-02-24 00:58:48,few clouds,0,0
82,Kahului,20.89,-156.47,80.6,69,75,8.05,US,2020-02-24 00:58:31,broken clouds,0,0
83,Kaitangata,-46.28,169.85,64.99,64,88,8.01,NZ,2020-02-24 00:58:48,overcast clouds,0,0
84,Novska,45.34,16.98,42.8,70,100,2.24,HR,2020-02-24 00:56:56,overcast clouds,0,0
85,Lasa,46.62,10.7,46.4,39,46,14.99,IT,2020-02-24 00:58:49,scattered clouds,0,0
86,Khorinsk,52.17,109.77,-3.73,99,5,0.04,RU,2020-02-24 00:58:49,clear sky,0,0
87,Luganville,-15.53,167.17,86.0,70,75,13.87,VU,2020-02-24 00:58:49,broken clouds,0,0
88,Ixtapa,20.7,-105.2,78.8,78,40,9.17,MX,2020-02-24 00:58:49,scattered clouds,0,0
89,Airai,-8.93,125.41,76.05,69,5,1.83,TL,2020-02-24 00:58:49,clear sky,0,0
90,Dali,25.7,100.18,39.87,98,20,2.73,CN,2020-02-24 00:58:50,few clouds,0,0
91,High Level,58.52,-117.14,28.4,54,20,8.05,CA,2020-02-24 00:58:50,few clouds,0,0
92,Henties Bay,-22.12,14.28,64.0,94,17,3.0,NA,2020-02-24 00:58:50,few clouds,0,0
93,Kulhudhuffushi,6.62,73.07,82.06,72,98,11.59,MV,2020-02-24 00:58:50,overcast clouds,0,0
94,Port Elizabeth,-33.92,25.57,51.8,93,19,2.24,ZA,2020-02-24 00:58:51,few clouds,0,0
95,Raga,8.46,25.68,71.15,14,57,3.62,SS,2020-02-24 00:58:51,broken clouds,0,0
96,Klaksvik,62.23,-6.59,37.4,74,10,19.46,FO,2020-02-24 00:58:51,light rain,0,0
97,Rafaela,-31.25,-61.49,69.01,52,5,1.99,AR,2020-02-24 00:58:51,clear sky,0,0
98,Avarua,-21.21,-159.78,78.8,94,100,8.05,CK,2020-02-24 00:58:51,light rain,0,0
99,Synya,65.37,58.04,28.45,88,100,16.67,RU,2020-02-24 00:58:52,light snow,0,0.38
100,Vestmannaeyjar,63.44,-20.27,40.21,72,100,28.92,IS,2020-02-24 00:58:52,light snow,0,1.5
101,Leningradskiy,69.38,178.42,-13.7,73,100,5.46,RU,2020-02-24 00:55:45,overcast clouds,0,0
102,Vardo,70.37,31.11,28.4,79,75,4.7,NO,2020-02-24 00:58:52,broken clouds,0,0
103,Kieta,-6.22,155.63,85.66,67,43,5.5,PG,2020-02-24 00:56:36,scattered clouds,0,0
104,Wanning,18.8,110.4,69.78,90,40,4.54,CN,2020-02-24 00:58:53,light rain,0.75,0
105,Hualmay,-11.1,-77.61,75.36,67,84,5.55,PE,2020-02-24 00:58:53,broken clouds,0,0
106,Margate,51.38,1.39,46.4,93,100,6.93,GB,2020-02-24 00:58:53,overcast clouds,0,0
107,Cedar City,37.68,-113.06,39.2,86,1,10.56,US,2020-02-24 00:58:54,clear sky,0,0
108,Torbay,47.67,-52.73,30.99,79,20,18.34,CA,2020-02-24 00:57:11,few clouds,0,0
109,Dikson,73.51,80.55,24.75,91,100,28.34,RU,2020-02-24 00:58:54,light snow,0,0.19
110,Nikolskoye,59.7,30.79,35.6,93,90,11.18,RU,2020-02-24 00:54:49,light intensity shower rain,0,0
111,Bengkulu,-3.8,102.27,74.48,85,2,5.06,ID,2020-02-24 00:58:55,clear sky,0,0
112,Northam,51.03,-4.22,51.01,100,75,8.05,GB,2020-02-24 00:58:55,light intensity drizzle,0,0
113,Luocheng,29.38,104.03,49.28,79,8,2.08,CN,2020-02-24 00:58:55,clear sky,0,0
114,Polazna,58.29,56.41,28.4,86,75,13.42,RU,2020-02-24 00:58:55,light snow,0,0
115,Portland,45.52,-122.68,48.2,81,90,9.17,US,2020-02-24 00:58:55,light rain,0,0
116,Kruisfontein,-34.0,24.73,54.3,83,0,3.42,ZA,2020-02-24 00:55:33,clear sky,0,0
117,Zaysan,47.47,84.87,11.86,94,98,1.48,KZ,2020-02-24 00:58:56,overcast clouds,0,0
118,Provideniya,64.38,-173.3,-2.22,69,0,0.6,RU,2020-02-24 00:58:56,clear sky,0,0
119,Mindelo,16.89,-24.98,68.0,68,20,10.29,CV,2020-02-24 00:58:28,few clouds,0,0
120,Cockburn Town,21.46,-71.14,73.94,72,21,21.81,TC,2020-02-24 00:58:57,few clouds,0,0
121,Shimoda,34.67,138.95,53.6,58,75,5.82,JP,2020-02-24 00:58:57,broken clouds,0,0
122,Yerofey Pavlovich,53.97,121.97,3.9,87,11,3.02,RU,2020-02-24 00:58:57,few clouds,0,0
123,Garowe,8.41,48.48,64.81,93,57,7.29,SO,2020-02-24 00:58:57,broken clouds,0,0
124,Sioux Lookout,50.1,-91.92,33.8,80,90,10.29,CA,2020-02-24 00:58:57,light shower snow,0,0
125,Pyaozerskiy,65.83,31.17,23.36,90,100,9.42,RU,2020-02-24 00:58:58,overcast clouds,0,0
126,Mar Del Plata,-38.0,-57.56,69.01,77,0,6.93,AR,2020-02-24 00:56:55,clear sky,0,0
127,Aklavik,68.22,-135.01,-4.0,76,75,4.7,CA,2020-02-24 00:56:17,light snow,0,0
128,Araouane,18.9,-3.53,79.07,11,3,15.19,ML,2020-02-24 00:58:59,clear sky,0,0
129,Kesinga,20.2,83.23,67.93,54,7,2.04,IN,2020-02-24 00:58:59,clear sky,0,0
130,Goderich,43.75,-81.72,41.0,70,10,14.03,CA,2020-02-24 00:54:50,clear sky,0,0
131,Mattru,7.62,-11.83,77.72,86,19,1.59,SL,2020-02-24 00:58:59,few clouds,0,0
132,Nha Trang,12.25,109.18,77.0,69,20,8.05,VN,2020-02-24 00:58:36,few clouds,0,0
133,Orlik,52.52,99.83,-0.31,98,97,0.43,RU,2020-02-24 00:59:00,light snow,0,0.13
134,Faanui,-16.48,-151.75,83.44,69,12,11.12,PF,2020-02-24 00:59:00,few clouds,0,0
135,Fayetteville,35.05,-78.88,52.0,40,75,6.08,US,2020-02-24 00:58:54,broken clouds,0,0
136,Sao Jose Da Coroa Grande,-8.9,-35.15,82.35,79,5,13.62,BR,2020-02-24 00:59:00,clear sky,0,0
137,Kodiak,57.79,-152.41,26.6,35,1,13.87,US,2020-02-24 00:59:00,clear sky,0,0
138,Ribeira Grande,38.52,-28.7,56.35,82,30,6.98,PT,2020-02-24 00:59:01,scattered clouds,0,0
139,Tashtyp,52.79,89.9,6.04,94,95,2.42,RU,2020-02-24 00:59:01,overcast clouds,0,0
140,Meulaboh,4.14,96.13,80.67,77,1,7.63,ID,2020-02-24 00:59:01,clear sky,0,0
141,Chokurdakh,70.63,147.92,-23.48,98,82,3.11,RU,2020-02-24 00:59:01,broken clouds,0,0
142,Savasleyka,55.46,42.32,29.75,94,96,7.9,RU,2020-02-24 00:59:02,overcast clouds,0,0
143,Bethel,41.37,-73.41,45.0,30,1,6.93,US,2020-02-24 00:54:04,clear sky,0,0
144,Riyadh,24.69,46.72,68.0,68,100,3.36,SA,2020-02-24 00:56:08,overcast clouds,0,0
145,Bambous Virieux,-20.34,57.76,73.99,77,0,1.01,MU,2020-02-24 00:59:02,clear sky,0,0
146,Narsaq,60.92,-46.05,23.0,62,100,14.99,GL,2020-02-24 00:59:02,snow,0,2.25
147,Victoria,22.29,114.16,69.01,72,20,23.04,HK,2020-02-24 00:56:09,few clouds,0,0
148,Valley City,46.92,-98.0,33.8,100,1,9.17,US,2020-02-24 00:59:03,clear sky,0,0
149,Ilulissat,69.22,-51.1,1.4,70,54,8.05,GL,2020-02-24 00:55:35,broken clouds,0,0
150,Vila,42.03,-8.16,55.99,76,0,4.7,PT,2020-02-24 00:59:03,clear sky,0,0
151,Kanigoro,-8.13,112.22,76.71,89,39,3.85,ID,2020-02-24 00:59:04,scattered clouds,0,0
152,Pacific Grove,36.62,-121.92,62.01,62,1,11.41,US,2020-02-24 00:59:04,clear sky,0,0
153,Imbituba,-28.24,-48.67,69.8,83,75,1.12,BR,2020-02-24 00:57:22,broken clouds,0,0
154,Namibe,-15.2,12.15,73.27,80,100,6.26,AO,2020-02-24 00:59:04,overcast clouds,0,0
155,Sa Kaeo,13.81,102.07,68.99,56,35,5.37,TH,2020-02-24 00:59:05,scattered clouds,0,0
156,Sisimiut,66.94,-53.67,-3.91,87,98,1.72,GL,2020-02-24 00:59:05,overcast clouds,0,0
157,Hofn,64.25,-15.21,40.53,65,89,23.53,IS,2020-02-24 00:59:05,overcast clouds,0,0
158,Ulladulla,-35.35,150.47,81.0,44,5,8.05,AU,2020-02-24 00:59:05,clear sky,0,0
159,Golyshmanovo,56.4,68.37,13.82,97,60,6.26,RU,2020-02-24 00:59:05,broken clouds,0,0
160,Shingu,33.73,135.98,50.0,43,0,4.7,JP,2020-02-24 00:59:06,clear sky,0,0
161,Tawau,4.25,117.89,78.8,83,40,5.82,MY,2020-02-24 00:59:06,scattered clouds,0,0
162,Komarikhinskiy,58.1,57.12,28.4,86,75,13.42,RU,2020-02-24 00:59:06,light snow,0,0
163,Gawler,-34.6,138.73,84.99,44,27,6.93,AU,2020-02-24 00:59:06,scattered clouds,0,0
164,Bolivar,37.61,-93.41,46.99,81,40,9.17,US,2020-02-24 00:55:11,light rain,0,0
165,Havre-Saint-Pierre,50.23,-63.6,26.6,100,90,4.7,CA,2020-02-24 00:59:07,fog,0,0
166,Jaora,23.63,75.13,57.34,61,0,9.89,IN,2020-02-24 00:59:07,clear sky,0,0
167,Mukhen,48.1,136.1,16.34,82,100,2.55,RU,2020-02-24 00:59:07,overcast clouds,0,0
168,Verkhnevilyuysk,63.45,120.32,-4.83,95,92,5.55,RU,2020-02-24 00:59:07,overcast clouds,0,0
169,Buta,2.79,24.73,77.95,47,35,4.16,CD,2020-02-24 00:59:07,scattered clouds,0,0
170,Cabo San Lucas,22.89,-109.91,75.2,73,40,5.82,MX,2020-02-24 00:54:56,scattered clouds,0,0
171,Codrington,-38.27,141.97,62.37,89,91,12.91,AU,2020-02-24 00:55:02,overcast clouds,0,0
172,Acarau,-2.89,-40.12,75.65,92,27,4.7,BR,2020-02-24 00:59:08,scattered clouds,0,0
173,Neyshabur,36.21,58.8,44.42,64,4,1.16,IR,2020-02-24 00:59:09,clear sky,0,0
174,Pangnirtung,66.15,-65.71,-32.33,97,100,0.78,CA,2020-02-24 00:59:09,overcast clouds,0,0
175,Veraval,20.9,70.37,69.33,38,20,11.59,IN,2020-02-24 00:56:55,few clouds,0,0
176,Prince Rupert,54.32,-130.32,33.8,98,90,17.22,CA,2020-02-24 00:59:10,light snow,0,0
177,Odweyne,9.41,45.06,62.35,47,69,2.15,SO,2020-02-24 00:59:10,broken clouds,0,0
178,Cabedelo,-6.98,-34.83,82.4,78,20,9.17,BR,2020-02-24 00:59:10,few clouds,0,0
179,Thompson,55.74,-97.86,15.8,66,90,8.05,CA,2020-02-24 00:56:18,overcast clouds,0,0
180,Alofi,-19.06,-169.92,86.0,79,100,10.29,NU,2020-02-24 00:59:11,light rain,1.12,0
181,Baruun-Urt,46.68,113.28,9.61,87,100,6.91,MN,2020-02-24 00:59:11,overcast clouds,0,0
182,Itaituba,-4.28,-55.98,73.71,87,100,2.17,BR,2020-02-24 00:59:11,overcast clouds,0,0
183,Yulara,-25.24,130.99,86.0,23,0,17.22,AU,2020-02-24 00:59:11,clear sky,0,0
184,Guerrero Negro,27.98,-114.06,62.56,66,100,18.92,MX,2020-02-24 00:55:20,overcast clouds,0,0
185,Vicuna,-30.03,-70.71,60.8,82,75,8.05,CL,2020-02-24 00:59:12,broken clouds,0,0
186,Huangchuan,32.13,115.04,57.61,74,81,2.53,CN,2020-02-24 00:59:12,broken clouds,0,0
187,Santa Clara,22.4,-79.97,71.6,77,20,10.29,CU,2020-02-24 00:59:12,few clouds,0,0
188,San Patricio,19.22,-104.7,82.4,78,20,11.41,MX,2020-02-24 00:57:20,few clouds,0,0
189,Nhulunbuy,-12.23,136.77,87.8,66,75,16.11,AU,2020-02-24 00:59:13,broken clouds,0,0
190,Pevek,69.7,170.31,-15.54,98,100,9.42,RU,2020-02-24 00:54:46,overcast clouds,0,0
191,Georgetown,5.41,100.34,80.6,69,20,4.7,MY,2020-02-24 00:59:13,few clouds,0,0
192,Kavieng,-2.57,150.8,84.47,70,17,8.08,PG,2020-02-24 00:59:13,few clouds,0,0
193,Sumbe,-11.21,13.84,78.94,86,100,3.22,AO,2020-02-24 00:57:49,light rain,0.12,0
194,Santiago Del Estero,-27.8,-64.26,70.74,48,0,7.78,AR,2020-02-24 00:59:14,clear sky,0,0
195,Paamiut,61.99,-49.67,15.49,67,100,4.41,GL,2020-02-24 00:59:14,overcast clouds,0,0
196,Imeni Poliny Osipenko,52.42,136.49,4.05,94,58,3.6,RU,2020-02-24 00:59:14,broken clouds,0,0
197,Emirdag,39.02,31.15,30.07,92,8,3.91,TR,2020-02-24 00:59:14,clear sky,0,0
198,Walvis Bay,-22.96,14.51,64.0,93,59,11.41,NA,2020-02-24 00:59:14,broken clouds,0,0
199,Beidao,34.57,105.89,35.26,89,0,0.92,CN,2020-02-24 00:59:15,clear sky,0,0
200,Tiksi,71.69,128.87,-8.05,87,99,7.07,RU,2020-02-24 00:57:20,overcast clouds,0,0
201,Sao Desiderio,-12.36,-44.97,72.37,86,93,3.74,BR,2020-02-24 00:59:15,overcast clouds,0,0
202,Okahandja,-21.98,16.92,64.99,88,99,5.82,NA,2020-02-24 00:59:15,overcast clouds,0,0
203,Koulamoutou,-1.13,12.47,72.21,96,89,2.71,GA,2020-02-24 00:59:15,overcast clouds,0,0
204,Gopalur,16.62,77.8,66.29,77,29,5.08,IN,2020-02-24 00:59:16,scattered clouds,0,0
205,Pagudpud,18.56,120.79,78.8,74,75,1.12,PH,2020-02-24 00:59:16,broken clouds,0,0
206,Esperance,-33.87,121.9,69.8,77,90,14.99,AU,2020-02-24 00:59:16,overcast clouds,0,0
207,Eureka,40.8,-124.16,53.01,81,75,5.82,US,2020-02-24 00:59:16,broken clouds,0,0
208,Alice Springs,-23.7,133.88,86.0,33,48,18.34,AU,2020-02-24 00:54:30,scattered clouds,0,0
209,Leshukonskoye,64.9,45.76,31.32,88,100,14.47,RU,2020-02-24 00:59:17,light snow,0,0.44
210,Labuhan,-6.88,112.21,78.15,89,18,5.64,ID,2020-02-24 00:56:51,few clouds,0,0
211,Moree,-29.47,149.85,77.0,65,40,8.05,AU,2020-02-24 00:59:17,scattered clouds,0,0
212,Kalaikunda,22.35,87.25,70.43,45,82,4.99,IN,2020-02-24 00:59:17,broken clouds,0,0
213,Staryy Nadym,65.61,72.68,28.45,86,100,22.15,RU,2020-02-24 00:59:18,overcast clouds,0,0
214,Saldanha,-33.01,17.94,66.2,52,0,8.05,ZA,2020-02-24 00:59:18,clear sky,0,0
215,Srednekolymsk,67.45,153.68,-19.1,95,81,1.36,RU,2020-02-24 00:59:18,broken clouds,0,0
216,Baicheng,45.62,122.82,18.75,77,0,6.62,CN,2020-02-24 00:59:18,clear sky,0,0
217,Poya,-21.35,165.15,79.36,71,38,9.86,NC,2020-02-24 00:59:18,scattered clouds,0,0
218,Bariri,-22.07,-48.74,73.4,88,74,10.29,BR,2020-02-24 00:59:19,light rain,0.31,0
219,Kaseda,31.42,130.32,41.0,49,0,4.7,JP,2020-02-24 00:59:19,clear sky,0,0
220,Port Alfred,-33.59,26.89,59.0,81,20,0.58,ZA,2020-02-24 00:59:19,few clouds,0,0
221,Conakry,9.54,-13.68,79.47,78,99,7.72,GN,2020-02-24 00:59:19,overcast clouds,0,0
222,Olafsvik,64.89,-23.71,32.45,95,100,7.47,IS,2020-02-24 00:59:20,snow,0,1.62
223,Auki,-8.77,160.7,83.91,74,8,9.57,SB,2020-02-24 00:59:20,clear sky,0,0
224,Cherskiy,68.75,161.3,-22.4,86,49,5.08,RU,2020-02-24 00:59:20,scattered clouds,0,0
225,Katangli,51.71,143.23,4.21,91,62,5.7,RU,2020-02-24 00:59:20,broken clouds,0,0
226,Fort Nelson,58.81,-122.7,30.2,42,40,3.36,CA,2020-02-24 00:59:21,scattered clouds,0,0
227,Nuuk,64.18,-51.72,15.8,78,98,3.36,GL,2020-02-24 00:59:21,light snow,0,0
228,Fortuna,40.6,-124.16,53.01,93,75,10.29,US,2020-02-24 00:59:21,broken clouds,0,0
229,Port Hardy,50.7,-127.42,42.8,87,75,6.93,CA,2020-02-24 00:59:21,light rain,0,0
230,Mehamn,71.04,27.85,30.2,86,90,8.05,NO,2020-02-24 00:59:22,overcast clouds,0,0
231,Kaimganj,27.57,79.35,59.7,78,0,4.27,IN,2020-02-24 00:59:22,clear sky,0,0
232,Palmer,42.16,-72.33,43.0,51,40,4.7,US,2020-02-24 00:59:22,scattered clouds,0,0
233,Severo-Kurilsk,50.68,156.12,26.06,97,100,38.43,RU,2020-02-24 00:59:22,snow,0,2.88
234,Kwinana,-32.25,115.77,79.0,61,75,20.8,AU,2020-02-24 00:59:23,broken clouds,0,0
235,Severo-Yeniseyskiy,60.37,93.04,0.75,95,11,4.97,RU,2020-02-24 00:55:16,few clouds,0,0
236,Ahipara,-35.17,173.17,67.46,70,0,23.38,NZ,2020-02-24 00:55:17,clear sky,0,0
237,Barka Kana,23.62,85.48,64.4,72,90,3.36,IN,2020-02-24 00:59:23,light rain,0,0
238,Yatou,37.15,122.38,43.7,83,32,10.6,CN,2020-02-24 00:59:23,scattered clouds,0,0
239,Mahon,39.89,4.27,50.0,93,0,4.7,ES,2020-02-24 00:59:24,fog,0,0
240,Tahta,26.77,31.5,55.4,37,81,6.93,EG,2020-02-24 00:59:24,broken clouds,0,0
241,Calvinia,-31.47,19.78,64.94,26,0,12.17,ZA,2020-02-24 00:59:24,clear sky,0,0
242,Broken Hill,-31.95,141.43,75.2,57,32,8.05,AU,2020-02-24 00:54:33,scattered clouds,0,0
243,Gat,31.61,34.76,52.0,87,75,4.7,IL,2020-02-24 00:55:09,broken clouds,0,0
244,Nouadhibou,20.93,-17.03,69.8,68,100,13.87,MR,2020-02-24 00:59:25,light rain,0,0
245,Gabrovo,42.87,25.33,48.99,74,81,9.17,BG,2020-02-24 00:59:25,broken clouds,0,0
246,Palana,59.12,159.97,7.21,73,74,4.03,RU,2020-02-24 00:59:26,broken clouds,0,0
247,Sousa,-6.76,-38.23,77.99,80,63,5.48,BR,2020-02-24 00:56:36,light rain,0.38,0
248,Salalah,17.02,54.09,75.2,73,75,5.82,OM,2020-02-24 00:57:52,broken clouds,0,0
249,Kosh-Agach,50.0,88.67,7.05,84,100,1.68,RU,2020-02-24 00:59:26,light snow,0,0.25
250,Myitkyina,25.38,97.4,56.8,99,24,3.38,MM,2020-02-24 00:59:27,light rain,0.75,0
251,San Luis,-33.3,-66.34,72.66,44,0,13.69,AR,2020-02-24 00:59:27,clear sky,0,0
252,Statesville,35.78,-80.89,53.01,37,20,4.7,US,2020-02-24 00:59:27,few clouds,0,0
253,Melville,40.79,-73.42,46.99,48,1,11.41,US,2020-02-24 00:59:27,clear sky,0,0
254,Sandwick,60.0,-1.25,41.0,75,63,20.8,GB,2020-02-24 00:59:28,light snow,0,0.25
255,Hattiesburg,31.33,-89.29,57.2,76,90,2.8,US,2020-02-24 00:56:28,overcast clouds,0,0
256,Aswan,24.09,32.91,54.16,38,100,6.31,EG,2020-02-24 00:58:17,overcast clouds,0,0
257,Khatanga,71.97,102.5,17.06,91,99,16.58,RU,2020-02-24 00:59:28,light snow,0,0.25
258,Damaturu,11.75,11.96,70.52,20,0,12.66,NG,2020-02-24 00:59:28,clear sky,0,0
259,Matamba,-8.98,33.97,56.84,90,100,2.71,TZ,2020-02-24 00:59:29,light rain,1.06,0
260,Hailar,49.2,119.7,2.01,93,0,6.26,CN,2020-02-24 00:59:29,clear sky,0,0
261,Saint-Georges,12.06,-61.75,80.6,74,75,5.82,GD,2020-02-24 00:59:29,broken clouds,0,0
262,Brae,60.4,-1.35,41.0,60,66,19.46,GB,2020-02-24 00:59:30,light snow,0,0.31
263,Innisfail,-17.53,146.03,80.74,88,94,4.52,AU,2020-02-24 00:59:30,light rain,2,0
264,Chicama,-7.84,-79.15,73.4,88,75,8.05,PE,2020-02-24 00:59:30,mist,0,0
265,Saint Anthony,45.02,-93.22,39.2,60,1,6.93,US,2020-02-24 00:59:30,clear sky,0,0
266,Fuerte Olimpo,-21.04,-57.87,74.16,50,12,3.94,PY,2020-02-24 00:59:30,few clouds,0,0
267,Vievis,54.77,24.8,33.8,86,75,9.17,LT,2020-02-24 00:59:31,broken clouds,0,0
268,Orange,33.7,-117.77,66.2,59,20,2.51,US,2020-02-24 00:55:14,few clouds,0,0
269,Mount Gambier,-37.83,140.77,68.0,72,90,10.29,AU,2020-02-24 00:59:31,overcast clouds,0,0
270,Skelleftea,64.75,20.95,35.01,59,16,29.97,SE,2020-02-24 00:59:31,few clouds,0,0
271,Bathsheba,13.22,-59.52,80.6,78,40,13.87,BB,2020-02-24 00:59:31,scattered clouds,0,0
272,The Valley,18.22,-63.06,78.8,69,20,2.24,AI,2020-02-24 00:59:32,few clouds,0,0
273,Lamu,-2.27,40.9,82.26,82,27,14.76,KE,2020-02-24 00:59:32,scattered clouds,0,0
274,Soyo,-6.13,12.37,79.36,85,100,0.94,AO,2020-02-24 00:59:32,overcast clouds,0,0
275,Dunedin,-45.87,170.5,66.0,64,52,13.0,NZ,2020-02-24 00:58:55,broken clouds,0,0
276,Belluru,12.99,76.74,62.13,98,100,5.32,IN,2020-02-24 00:59:33,overcast clouds,0,0
277,Itarema,-2.92,-39.92,75.65,92,27,4.7,BR,2020-02-24 00:59:33,scattered clouds,0,0
278,Saint-Augustin,51.23,-58.65,15.57,78,65,9.22,CA,2020-02-24 00:59:33,broken clouds,0,0
279,Kokopo,-4.35,152.26,82.89,76,70,5.28,PG,2020-02-24 00:59:34,broken clouds,0,0
280,Sorland,67.67,12.69,34.5,66,100,33.02,NO,2020-02-24 00:59:34,light snow,0,0.25
281,Dongsheng,39.82,109.98,34.02,67,100,4.63,CN,2020-02-24 00:59:34,overcast clouds,0,0
282,Umm Kaddadah,13.6,26.69,65.41,21,0,15.84,SD,2020-02-24 00:56:14,clear sky,0,0
283,Pisco,-13.7,-76.22,77.0,73,75,11.41,PE,2020-02-24 00:56:18,broken clouds,0,0
284,Chaman,30.92,66.45,51.8,51,0,4.92,PK,2020-02-24 00:59:35,clear sky,0,0
285,Ust-Maya,60.42,134.53,-5.49,98,96,2.08,RU,2020-02-24 00:59:35,overcast clouds,0,0
286,Ahmadpur Sial,30.68,71.75,60.8,77,75,3.15,PK,2020-02-24 00:59:35,smoke,0,0
287,Anadyr,64.75,177.48,-16.01,75,4,5.61,RU,2020-02-24 00:59:36,clear sky,0,0
288,Bukama,-9.2,25.85,70.43,97,100,3.06,CD,2020-02-24 00:59:36,light rain,1.81,0
289,Mount Isa,-20.73,139.5,86.0,58,75,16.11,AU,2020-02-24 00:59:36,broken clouds,0,0
290,Kathu,7.92,98.33,77.0,83,20,1.12,TH,2020-02-24 00:59:37,few clouds,0,0
291,Saint-Philippe,-21.36,55.77,75.2,69,2,8.05,RE,2020-02-24 00:59:37,clear sky,0,0
292,Cedral,23.8,-100.73,78.57,20,65,17.09,MX,2020-02-24 00:59:37,broken clouds,0,0
293,Oxbow,49.23,-102.17,26.6,79,75,8.05,CA,2020-02-24 00:59:38,broken clouds,0,0
294,Solnechnyy,50.72,136.63,8.47,89,33,1.72,RU,2020-02-24 00:59:38,scattered clouds,0,0
295,San Quintin,30.48,-115.95,59.22,74,3,19.01,MX,2020-02-24 00:59:38,clear sky,0,0
296,Santa Rosa,14.31,121.11,84.99,69,20,2.24,PH,2020-02-24 00:59:39,few clouds,0,0
297,Grindavik,63.84,-22.43,32.0,88,90,1.12,IS,2020-02-24 00:57:16,light shower snow,0,0
298,Hithadhoo,-0.6,73.08,83.59,76,83,13.15,MV,2020-02-24 00:59:39,broken clouds,0,0
299,Teya,60.38,92.63,-0.26,94,5,4.29,RU,2020-02-24 00:59:39,clear sky,0,0
300,Mollendo,-17.02,-72.01,71.2,87,51,5.99,PE,2020-02-24 00:59:40,broken clouds,0,0
301,Dawei,14.08,98.2,77.85,61,100,8.86,MM,2020-02-24 00:59:40,overcast clouds,0,0
302,Sembe,1.65,14.58,73.17,84,77,5.57,CG,2020-02-24 00:59:40,broken clouds,0,0
303,Rundu,-17.93,19.77,68.4,88,79,9.42,NA,2020-02-24 00:59:41,light rain,0.94,0
304,Kilindoni,-7.91,39.67,84.45,78,94,16.42,TZ,2020-02-24 00:59:41,overcast clouds,0,0
305,Ambilobe,-13.2,49.05,75.97,93,69,2.17,MG,2020-02-24 00:59:41,broken clouds,0,0
306,Rawson,-43.3,-65.1,61.47,84,0,13.76,AR,2020-02-24 00:55:30,clear sky,0,0
307,Hasaki,35.73,140.83,53.01,43,20,8.05,JP,2020-02-24 00:59:41,few clouds,0,0
308,Nome,64.5,-165.41,6.8,77,90,10.29,US,2020-02-24 00:59:42,overcast clouds,0,0
309,Emerald,-23.53,148.17,80.6,78,90,14.99,AU,2020-02-24 00:57:31,overcast clouds,0,0
310,Panama City,8.99,-79.52,81.0,61,78,11.41,PA,2020-02-24 00:59:42,broken clouds,0,0
311,Pilar,-9.6,-35.96,78.8,88,40,2.24,BR,2020-02-24 00:59:42,scattered clouds,0,0
312,Naze,28.37,129.48,64.4,59,0,4.7,JP,2020-02-24 00:59:42,clear sky,0,0
313,Emba,48.83,58.14,11.75,95,52,9.24,KZ,2020-02-24 00:59:43,broken clouds,0,0
314,Almere,52.37,5.21,44.01,80,20,10.29,NL,2020-02-24 00:57:53,few clouds,0,0
315,Nishihara,26.18,127.76,68.0,64,20,10.29,JP,2020-02-24 00:59:43,few clouds,0,0
316,Salinopolis,-0.61,-47.36,82.09,83,18,13.76,BR,2020-02-24 00:59:43,few clouds,0,0
317,Griffith,41.53,-87.42,51.01,87,1,5.82,US,2020-02-24 00:55:35,clear sky,0,0
318,Iracoubo,5.48,-53.2,78.8,82,69,15.23,GF,2020-02-24 00:59:44,broken clouds,0,0
319,San Carlos De Bariloche,-41.15,-71.31,59.0,51,40,23.04,AR,2020-02-24 00:59:44,scattered clouds,0,0
320,Maxixe,-23.86,35.35,77.32,78,100,27.96,MZ,2020-02-24 00:59:44,light rain,0.37,0
321,Necochea,-38.55,-58.74,68.31,50,0,9.33,AR,2020-02-24 00:59:44,clear sky,0,0
322,Coihaique,-45.58,-72.07,57.2,50,75,3.36,CL,2020-02-24 00:59:45,broken clouds,0,0
323,Abu Samrah,35.3,37.18,48.97,78,4,6.38,SY,2020-02-24 00:59:45,clear sky,0,0
324,Zhigansk,66.77,123.37,-10.14,95,100,14.05,RU,2020-02-24 00:55:52,overcast clouds,0,0
325,Thayetmyo,19.32,95.18,64.96,47,3,0.85,MM,2020-02-24 00:59:45,clear sky,0,0
326,Dubbo,-32.25,148.62,77.0,57,87,3.36,AU,2020-02-24 00:58:00,overcast clouds,0,0
327,Abha,18.22,42.51,60.8,72,25,5.82,SA,2020-02-24 00:56:04,scattered clouds,0,0
328,Beringovskiy,63.05,179.32,-7.49,86,5,3.44,RU,2020-02-24 00:59:46,clear sky,0,0
329,Constitucion,-35.33,-72.42,56.73,90,79,7.87,CL,2020-02-24 00:59:46,broken clouds,0,0
330,Miguel Auza,24.29,-103.45,73.02,27,35,21.99,MX,2020-02-24 00:59:46,scattered clouds,0,0
331,San-Pedro,4.75,-6.64,83.34,85,92,12.66,CI,2020-02-24 00:59:47,overcast clouds,0,0
332,Tommot,58.96,126.29,8.8,95,100,6.93,RU,2020-02-24 00:59:47,light snow,0,0.25
333,Simbahan,6.3,120.58,80.74,81,42,13.78,PH,2020-02-24 00:59:47,scattered clouds,0,0
334,Talaya,61.38,152.75,-14.87,98,90,0.98,RU,2020-02-24 00:59:47,overcast clouds,0,0
335,Sokolka,53.41,23.5,37.99,93,100,8.61,PL,2020-02-24 00:59:48,light snow,0,0.12
336,Krasnoselkup,65.7,82.47,24.87,88,100,21.65,RU,2020-02-24 00:59:48,overcast clouds,0,0
337,Devavanya,47.03,20.97,57.99,53,99,16.11,HU,2020-02-24 00:59:48,light rain,0.19,0
338,Wewak,-3.55,143.63,81.34,80,91,4.45,PG,2020-02-24 00:59:48,light rain,1,0
339,Laguna,38.42,-121.42,68.0,63,1,3.36,US,2020-02-24 00:59:48,clear sky,0,0
340,Carepa,7.76,-76.65,72.91,87,94,4.14,CO,2020-02-24 00:59:49,overcast clouds,0,0
341,Kodinsk,58.69,99.18,8.19,96,90,4.5,RU,2020-02-24 00:56:18,overcast clouds,0,0
342,Buala,-8.14,159.59,85.53,68,25,3.22,SB,2020-02-24 00:59:49,light rain,0.25,0
343,Port Hawkesbury,45.62,-61.35,33.8,74,1,5.82,CA,2020-02-24 00:59:49,clear sky,0,0
344,Saint George,37.1,-113.58,60.01,50,0,9.17,US,2020-02-24 00:58:26,light rain,0,0
345,Touros,-5.2,-35.46,80.6,83,40,6.93,BR,2020-02-24 00:59:50,scattered clouds,0,0
346,Ballina,-28.87,153.57,71.6,88,75,5.82,AU,2020-02-24 00:59:50,broken clouds,0,0
347,Yushu,44.8,126.53,10.58,88,0,7.81,CN,2020-02-24 00:59:51,clear sky,0,0
348,Srednebelaya,50.66,128.01,12.2,85,40,4.47,RU,2020-02-24 00:59:52,scattered clouds,0,0
349,Vila Velha,-20.33,-40.29,75.2,73,90,8.05,BR,2020-02-24 00:56:01,overcast clouds,0,0
350,Karpogory,64.0,44.45,31.66,89,92,11.9,RU,2020-02-24 00:59:52,overcast clouds,0,0
351,San Cristobal,7.77,-72.22,78.8,65,40,2.24,VE,2020-02-24 00:59:53,scattered clouds,0,0
352,Tabou,4.42,-7.35,78.3,94,75,3.58,CI,2020-02-24 00:56:25,broken clouds,0,0
353,Umm Lajj,25.02,37.27,60.4,46,100,5.1,SA,2020-02-24 00:59:53,overcast clouds,0,0
354,Nexo,55.06,15.13,41.0,86,83,26.4,DK,2020-02-24 00:59:53,broken clouds,0,0
355,Chepareria,1.31,35.2,70.63,53,100,7.34,KE,2020-02-24 00:59:54,overcast clouds,0,0
356,Sao Joao Da Barra,-21.64,-41.05,75.2,73,100,7.14,BR,2020-02-24 00:55:13,overcast clouds,0,0
357,Hobyo,5.35,48.53,76.55,75,77,14.29,SO,2020-02-24 00:59:54,broken clouds,0,0
358,Kizema,61.11,44.83,30.56,93,100,8.52,RU,2020-02-24 00:59:54,light snow,0,0.44
359,Tuatapere,-46.13,167.68,71.1,37,62,1.54,NZ,2020-02-24 00:59:54,broken clouds,0,0
360,Florianopolis,-27.61,-48.5,69.8,83,75,1.12,BR,2020-02-24 00:59:55,broken clouds,0,0
361,Kanashevo,55.22,62.06,15.8,92,75,13.42,RU,2020-02-24 00:59:55,mist,0,0
362,Thinadhoo,0.53,72.93,82.67,80,84,16.96,MV,2020-02-24 00:59:55,light rain,2.56,0
363,Orillia,44.61,-79.42,41.0,55,40,10.29,CA,2020-02-24 00:55:57,scattered clouds,0,0
364,Amahai,-3.33,128.92,81.37,74,100,17.25,ID,2020-02-24 00:59:56,light rain,0.12,0
365,Kaeo,-35.1,173.78,79.0,44,0,8.99,NZ,2020-02-24 00:59:56,clear sky,0,0
366,Comodoro Rivadavia,-45.87,-67.5,59.0,87,17,8.05,AR,2020-02-24 00:58:28,few clouds,0,0
367,Takoradi,4.88,-1.76,79.16,92,67,3.74,GH,2020-02-24 00:59:57,broken clouds,0,0
368,Ozernovskiy,51.5,156.52,29.86,85,100,29.06,RU,2020-02-24 00:59:57,snow,0,1.94
369,Geraldton,-28.77,114.6,78.8,78,21,5.82,AU,2020-02-24 00:59:57,light rain,0.69,0
370,Longyearbyen,78.22,15.64,-4.0,76,40,4.7,SJ,2020-02-24 00:55:04,scattered clouds,0,0
371,Bandundu,-3.32,17.37,72.46,97,100,7.49,CD,2020-02-24 00:55:04,heavy intensity rain,14.06,0
372,Hambantota,6.12,81.12,75.2,100,20,8.05,LK,2020-02-24 00:59:59,few clouds,0,0
373,Invermere,50.52,-116.04,26.01,91,100,1.01,CA,2020-02-24 00:59:59,light snow,0,1.12
374,Viedma,-40.81,-63.0,81.34,31,0,12.19,AR,2020-02-24 00:55:34,clear sky,0,0
375,Chippewa Falls,44.94,-91.39,42.8,64,1,8.05,US,2020-02-24 00:59:59,clear sky,0,0
376,Vila Do Maio,15.13,-23.22,69.8,73,20,12.75,CV,2020-02-24 01:00:00,few clouds,0,0
377,Omboue,-1.57,9.26,75.51,95,100,2.84,GA,2020-02-24 01:00:00,light rain,0.5,0
378,Arrifes,37.77,-25.7,57.2,87,20,4.7,PT,2020-02-24 01:00:00,few clouds,0,0
379,Beaufort,5.35,115.75,80.6,83,75,8.05,MY,2020-02-24 01:00:00,broken clouds,0,0
380,Ossora,59.24,163.07,5.52,92,100,7.34,RU,2020-02-24 01:00:00,overcast clouds,0,0
381,Dingle,11.0,122.67,75.58,86,67,12.39,PH,2020-02-24 01:00:01,light rain,0.13,0
382,Beeville,28.4,-97.75,71.6,83,90,16.11,US,2020-02-24 00:58:44,overcast clouds,0,0
383,Alencon,48.43,0.08,51.8,100,90,9.17,FR,2020-02-24 01:00:01,overcast clouds,0,0
384,Poum,-20.23,164.02,80.47,78,50,20.94,NC,2020-02-24 01:00:01,scattered clouds,0,0
385,Sloboda,51.14,40.3,33.28,94,100,11.48,RU,2020-02-24 01:00:02,overcast clouds,0,0
386,Araguaina,-7.19,-48.21,77.0,85,34,3.76,BR,2020-02-24 00:59:40,light rain,0.94,0
387,Ostrovnoy,68.05,39.51,27.5,92,100,12.93,RU,2020-02-24 01:00:02,light snow,0,0.37
388,Poddorye,57.47,31.12,34.7,95,99,11.36,RU,2020-02-24 01:00:02,light snow,0,0.13
389,Balikpapan,-1.27,116.83,78.8,83,20,9.17,ID,2020-02-24 01:00:03,few clouds,0,0
390,Juneau,58.3,-134.42,35.6,86,90,7.05,US,2020-02-24 00:58:19,light rain,0,0
391,Kilrush,52.64,-9.48,46.0,93,75,13.87,IE,2020-02-24 01:00:03,moderate rain,0,0
392,Pangai,-19.8,-174.35,86.0,84,20,10.29,TO,2020-02-24 01:00:04,few clouds,0,0
393,Korla,41.76,86.15,28.65,43,100,6.38,CN,2020-02-24 01:00:04,overcast clouds,0,0
394,Port-Cartier,50.03,-66.87,28.0,92,40,3.36,CA,2020-02-24 01:00:05,scattered clouds,0,0
395,Gimbi,9.17,35.83,65.84,46,92,4.52,ET,2020-02-24 01:00:05,overcast clouds,0,0
396,Lompoc,34.64,-120.46,64.99,62,1,11.41,US,2020-02-24 00:57:23,clear sky,0,0
397,Poso,-1.4,120.75,72.43,81,98,2.39,ID,2020-02-24 01:00:05,light rain,0.13,0
398,Launceston,-41.45,147.17,69.01,72,40,9.17,AU,2020-02-24 01:00:06,scattered clouds,0,0
399,Hamada,34.88,132.08,44.6,65,0,10.29,JP,2020-02-24 01:00:06,clear sky,0,0
400,Chernyshevskiy,63.01,112.47,15.06,93,100,9.53,RU,2020-02-24 01:00:06,light snow,0,0.13
401,Wattegama,6.8,81.48,75.2,100,20,8.05,LK,2020-02-24 01:00:06,few clouds,0,0
402,Jijiga,9.35,42.8,59.32,48,12,5.17,ET,2020-02-24 01:00:06,few clouds,0,0
403,Yar-Sale,66.83,70.83,29.5,85,98,25.1,RU,2020-02-24 01:00:07,overcast clouds,0,0
404,Puerto Escondido,15.85,-97.07,84.2,89,40,10.29,MX,2020-02-24 01:00:07,scattered clouds,0,0
405,Black Forest,39.01,-104.7,39.2,69,90,10.29,US,2020-02-24 01:00:07,overcast clouds,0,0
406,Yecuatla,19.87,-96.75,73.8,85,0,24.54,MX,2020-02-24 01:00:07,clear sky,0,0
407,Winslow,35.02,-110.7,51.8,50,20,11.41,US,2020-02-24 01:00:08,few clouds,0,0
408,Wahiawa,21.5,-158.02,82.4,69,40,12.75,US,2020-02-24 00:59:05,scattered clouds,0,0
409,Tura,25.52,90.22,63.7,54,13,2.26,IN,2020-02-24 01:00:08,few clouds,0,0
410,Kerepehi,-37.3,175.53,79.0,56,0,11.01,NZ,2020-02-24 01:00:09,clear sky,0,0
411,Gizo,-8.1,156.84,84.97,68,49,4.41,SB,2020-02-24 01:00:09,scattered clouds,0,0
412,Ialibu,-6.28,143.99,65.86,90,100,1.14,PG,2020-02-24 01:00:09,light rain,0.19,0
413,Melnikovo,56.56,84.08,19.0,95,78,2.93,RU,2020-02-24 01:00:09,broken clouds,0,0
414,Tautira,-17.73,-149.15,84.2,74,75,14.99,PF,2020-02-24 01:00:10,broken clouds,0,0
415,Road Town,18.42,-64.62,78.8,73,40,3.36,VG,2020-02-24 00:57:59,scattered clouds,0,0
416,Am Timan,11.03,20.28,72.81,14,0,4.68,TD,2020-02-24 01:00:10,clear sky,0,0
417,Livingstone,-17.84,25.85,69.57,96,100,9.1,ZM,2020-02-24 01:00:11,moderate rain,3.12,0
418,Harper,4.38,-7.72,78.3,94,75,3.58,LR,2020-02-24 01:00:11,broken clouds,0,0
419,Panguna,-6.32,155.48,81.59,75,31,3.78,PG,2020-02-24 01:00:11,light rain,1.5,0
420,Lisakovsk,52.54,62.49,10.44,95,90,8.93,KZ,2020-02-24 00:56:39,overcast clouds,0,0
421,Marsh Harbour,26.54,-77.06,68.31,55,26,12.57,BS,2020-02-24 01:00:12,scattered clouds,0,0
422,Barranca,-10.75,-77.77,74.07,89,0,9.95,PE,2020-02-24 01:00:12,clear sky,0,0
423,Praya,14.92,-23.51,69.8,73,20,12.75,CV,2020-02-24 01:00:12,few clouds,0,0
424,Inuvik,68.35,-133.72,-4.0,76,75,4.7,CA,2020-02-24 01:00:12,light snow,0,0
425,Shubarkuduk,49.14,56.49,20.37,89,80,15.21,KZ,2020-02-24 01:00:13,broken clouds,0,0
426,Flinders,-34.58,150.86,81.0,44,25,8.05,AU,2020-02-24 01:00:13,scattered clouds,0,0
427,Ogod,12.9,123.62,78.53,77,1,11.79,PH,2020-02-24 01:00:13,clear sky,0,0
428,Taoudenni,22.68,-3.98,73.8,10,53,16.58,ML,2020-02-24 00:56:53,broken clouds,0,0
429,Iqaluit,63.75,-68.51,-27.0,60,20,9.17,CA,2020-02-24 01:00:14,few clouds,0,0
430,Namatanai,-3.67,152.43,85.05,73,37,7.2,PG,2020-02-24 01:00:14,light rain,1.75,0
431,Kungurtug,50.6,97.52,10.24,96,100,1.28,RU,2020-02-24 01:00:14,light snow,0,0.31
432,Basco,20.45,121.97,75.11,75,61,20.47,PH,2020-02-24 01:00:15,light rain,0.12,0
433,Westport,41.14,-73.36,45.0,64,1,4.7,US,2020-02-24 00:59:49,clear sky,0,0
434,Puro,12.48,123.38,77.86,79,1,9.73,PH,2020-02-24 01:00:15,clear sky,0,0
435,Eyrarbakki,63.86,-21.15,30.99,92,90,5.82,IS,2020-02-24 01:00:16,light shower snow,0,0
436,Isangel,-19.55,169.27,86.0,62,40,9.17,VU,2020-02-24 01:00:16,scattered clouds,0,0
437,Suluktu,39.93,69.57,46.4,87,90,4.47,KG,2020-02-24 01:00:17,light intensity shower rain,0,0
438,Monsenhor Gil,-5.56,-42.61,77.0,88,35,2.24,BR,2020-02-24 01:00:17,scattered clouds,0,0
439,West Wendover,40.74,-114.07,51.8,29,40,8.05,US,2020-02-24 01:00:17,scattered clouds,0,0
440,Berbera,10.44,45.01,75.9,76,1,7.94,SO,2020-02-24 01:00:17,clear sky,0,0
441,Port Lincoln,-34.73,135.87,72.68,61,0,5.57,AU,2020-02-24 01:00:17,clear sky,0,0
442,Trelew,-43.25,-65.31,57.56,80,0,19.75,AR,2020-02-24 00:58:27,clear sky,0,0
443,Amapa,1.0,-52.0,74.28,98,100,3.31,BR,2020-02-24 01:00:18,light rain,1.75,0
444,Nabire,-3.37,135.48,73.17,99,98,1.28,ID,2020-02-24 01:00:18,moderate rain,10.5,0
445,Zavyalovo,54.51,82.45,6.8,84,75,4.47,RU,2020-02-24 01:00:18,fog,0,0
446,Paita,-5.09,-81.11,80.08,64,57,12.12,PE,2020-02-24 01:00:19,broken clouds,0,0
447,Vung Tau,10.35,107.08,71.11,69,49,3.24,VN,2020-02-24 01:00:19,scattered clouds,0,0
448,Prainha,-1.8,-53.48,76.17,94,100,1.57,BR,2020-02-24 01:00:19,light rain,0.56,0
449,Mandera,3.94,41.87,70.0,20,18,3.0,KE,2020-02-24 01:00:20,few clouds,0,0
450,Tomatlan,19.93,-105.25,89.46,26,18,6.76,MX,2020-02-24 01:00:20,few clouds,0,0
451,Buraydah,26.33,43.98,64.4,63,20,9.17,SA,2020-02-24 01:00:20,few clouds,0,0
452,Isla Vista,34.41,-119.86,64.99,62,1,11.41,US,2020-02-24 00:57:01,clear sky,0,0
453,Sena Madureira,-9.07,-68.66,72.86,91,85,1.19,BR,2020-02-24 01:00:21,overcast clouds,0,0
454,Kologriv,58.83,44.32,31.32,94,100,9.53,RU,2020-02-24 01:00:21,light snow,0,0.19
455,Urengoy,65.97,78.37,23.7,89,100,19.64,RU,2020-02-24 01:00:21,light snow,0,0.13
456,Shumyachi,53.86,32.42,31.1,87,29,8.25,RU,2020-02-24 01:00:22,scattered clouds,0,0
457,Visavadar,21.38,70.68,65.8,44,22,5.5,IN,2020-02-24 01:00:22,few clouds,0,0
458,Adeje,28.12,-16.73,73.0,49,99,2.24,ES,2020-02-24 01:00:22,haze,0,0
459,Sharjah,25.36,55.4,73.4,93,41,2.24,AE,2020-02-24 01:00:23,mist,0,0
460,Marsa Matruh,31.35,27.25,51.8,81,40,6.93,EG,2020-02-24 01:00:23,scattered clouds,0,0
461,Yumen,40.28,97.2,25.56,53,0,8.37,CN,2020-02-24 01:00:23,clear sky,0,0
462,Bijie,27.31,105.29,45.72,95,94,3.04,CN,2020-02-24 01:00:23,overcast clouds,0,0
463,Doha,25.29,51.53,70.0,88,80,5.82,QA,2020-02-24 00:57:11,broken clouds,0,0
464,San Pedro,14.35,121.02,84.99,69,20,2.24,PH,2020-02-24 01:00:24,few clouds,0,0
465,Manyana,-23.4,21.72,69.28,82,98,6.78,BW,2020-02-24 01:00:24,light rain,0.19,0
466,Vila Franca Do Campo,37.72,-25.43,57.2,87,20,4.7,PT,2020-02-24 00:56:54,few clouds,0,0
467,Caravelas,-17.71,-39.25,79.86,84,100,13.29,BR,2020-02-24 01:00:21,light rain,0.31,0
468,Sokoni,-6.43,39.55,83.86,80,97,13.49,TZ,2020-02-24 01:00:25,overcast clouds,0,0
469,Cap-Aux-Meules,47.38,-61.86,30.2,74,20,10.29,CA,2020-02-24 01:00:25,few clouds,0,0
470,Kamenka,51.32,42.77,34.0,97,100,3.0,RU,2020-02-24 01:00:25,light snow,0,0.88
471,Kenai,60.55,-151.26,23.0,53,1,5.82,US,2020-02-24 01:00:25,clear sky,0,0
472,Santa Rosalia,27.32,-112.28,61.47,36,100,7.87,MX,2020-02-24 01:00:25,overcast clouds,0,0
473,Ubatuba,-23.43,-45.07,73.85,72,97,10.45,BR,2020-02-24 00:59:23,overcast clouds,0,0
474,Ardesen,41.19,40.99,39.2,93,20,4.7,TR,2020-02-24 01:00:26,few clouds,0,0
475,Marzuq,14.4,46.47,58.42,23,1,3.53,YE,2020-02-24 01:00:26,clear sky,0,0
476,Fallon,39.47,-118.78,64.4,23,75,16.11,US,2020-02-24 00:58:10,broken clouds,0,0
477,Makasar,-5.14,119.42,82.4,88,20,3.36,ID,2020-02-24 01:00:27,few clouds,0,0
478,Sines,37.96,-8.87,55.99,89,0,4.0,PT,2020-02-24 01:00:27,clear sky,0,0
479,Oranjemund,-28.55,16.43,71.67,47,0,2.71,NA,2020-02-24 01:00:27,clear sky,0,0
480,Beyneu,45.32,55.2,41.41,87,100,17.67,KZ,2020-02-24 01:00:27,light rain,1.19,0
481,Reconquista,-29.15,-59.65,70.45,47,0,6.08,AR,2020-02-24 01:00:27,clear sky,0,0
482,Ust-Uda,54.17,103.03,-2.24,99,46,1.48,RU,2020-02-24 01:00:28,scattered clouds,0,0
483,Tambun,-6.26,107.07,84.99,100,75,8.05,ID,2020-02-24 01:00:28,light rain,0,0
484,Yerbogachen,61.28,108.01,15.89,90,100,11.99,RU,2020-02-24 00:59:17,overcast clouds,0,0
485,Qadirpur Ran,30.29,71.67,60.8,77,75,5.93,PK,2020-02-24 01:00:29,smoke,0,0
486,Belmonte,-15.86,-38.88,78.8,78,75,3.36,BR,2020-02-24 01:00:29,broken clouds,0,0
487,Turiacu,-1.66,-45.37,77.32,90,30,4.16,BR,2020-02-24 01:00:29,scattered clouds,0,0
488,Sangar,63.92,127.47,-16.78,99,100,0.38,RU,2020-02-24 01:00:29,overcast clouds,0,0
489,Scarborough,54.28,-0.4,41.0,77,35,3.36,GB,2020-02-24 01:00:30,scattered clouds,0,0
490,Balakhninskiy,58.01,114.28,7.5,97,100,3.6,RU,2020-02-24 01:00:30,light snow,0,0.19
491,Sanbu,33.46,119.15,59.0,99,100,4.0,CN,2020-02-24 01:00:30,light rain,0.19,0
492,Lhokseumawe,5.18,97.15,69.4,90,74,3.47,ID,2020-02-24 01:00:31,broken clouds,0,0
493,Shahreza,32.03,51.88,44.8,48,100,3.91,IR,2020-02-24 01:00:33,overcast clouds,0,0
494,Pitimbu,-7.47,-34.81,82.4,78,20,9.17,BR,2020-02-24 00:56:49,few clouds,0,0
495,Cervo,43.67,-7.41,48.99,91,1,1.01,ES,2020-02-24 01:00:33,clear sky,0,0
496,Saint-Esteve,42.71,2.84,54.0,37,0,3.36,FR,2020-02-24 01:00:33,clear sky,0,0
497,Hun,29.13,15.95,48.96,73,0,4.68,LY,2020-02-24 01:00:33,clear sky,0,0
498,Port Moresby,-9.44,147.18,84.2,83,40,13.87,PG,2020-02-24 01:00:34,scattered clouds,0,0
499,Nemuro,43.32,145.57,30.2,58,75,11.41,JP,2020-02-24 00:57:32,broken clouds,0,0
500,Marica,-22.92,-42.82,75.2,78,75,3.36,BR,2020-02-24 01:00:34,broken clouds,0,0
501,Tahoua,14.89,5.27,75.2,15,0,11.41,NE,2020-02-24 01:00:35,dust,0,0
502,Baykit,61.67,96.37,7.21,94,90,3.4,RU,2020-02-24 01:00:35,overcast clouds,0,0
503,Vanimo,-2.67,141.3,81.86,77,56,6.87,PG,2020-02-24 01:00:36,light rain,0.5,0
504,Katherine,-14.47,132.27,87.8,66,75,14.99,AU,2020-02-24 01:00:36,broken clouds,0,0
505,Havelock,34.88,-76.9,50.0,49,1,3.36,US,2020-02-24 01:00:36,clear sky,0,0
506,Murgab,37.5,61.97,42.8,93,23,4.12,TM,2020-02-24 01:00:36,few clouds,0,0
507,Curuca,-0.73,-47.85,81.95,84,0,14.09,BR,2020-02-24 00:59:43,clear sky,0,0
508,Hokitika,-42.72,170.97,61.5,76,85,8.14,NZ,2020-02-24 01:00:37,overcast clouds,0,0
509,Bihoro,43.82,144.1,28.4,54,75,13.87,JP,2020-02-24 01:00:37,broken clouds,0,0
510,Tarakan,3.3,117.63,78.51,76,21,9.46,ID,2020-02-24 01:00:37,few clouds,0,0
511,Soubre,5.79,-6.61,78.98,89,96,3.31,CI,2020-02-24 01:00:38,light rain,0.12,0
512,Fenton,42.8,-83.7,46.99,82,1,8.05,US,2020-02-24 01:00:38,clear sky,0,0
513,Jatiroto,-7.88,111.12,75.2,100,75,2.55,ID,2020-02-24 01:00:38,mist,0,0
514,Faya,18.39,42.45,60.8,72,53,5.82,SA,2020-02-24 01:00:38,broken clouds,0,0
515,Dandong,40.13,124.39,34.66,84,37,4.83,CN,2020-02-24 01:00:38,scattered clouds,0,0
516,Bilibino,68.05,166.44,-23.1,90,22,2.19,RU,2020-02-24 01:00:39,few clouds,0,0
517,Menongue,-14.66,17.69,62.64,98,100,1.66,AO,2020-02-24 01:00:39,light rain,0.13,0
518,Lundazi,-12.29,33.18,67.84,95,99,2.1,ZM,2020-02-24 01:00:39,overcast clouds,0,0
519,Alyangula,-13.85,136.42,86.0,79,100,13.87,AU,2020-02-24 01:00:39,overcast clouds,0,0
520,Kotaparh,19.15,82.35,67.06,57,0,4.41,IN,2020-02-24 01:00:40,clear sky,0,0
521,Oussouye,12.48,-16.55,77.0,83,99,9.17,SN,2020-02-24 01:00:40,light rain,1.13,0
522,Banamba,13.55,-7.45,80.1,11,66,9.91,ML,2020-02-24 01:00:41,broken clouds,0,0
523,Oudtshoorn,-33.59,22.2,55.4,87,0,3.36,ZA,2020-02-24 01:00:41,clear sky,0,0
524,Bardiyah,31.76,25.09,55.22,71,16,21.88,LY,2020-02-24 01:00:41,light rain,0.63,0
525,Oktyabrskiy,54.48,53.47,24.42,91,100,17.38,RU,2020-02-24 01:00:41,light snow,0,0.69
526,Rafsanjan,30.41,55.99,52.92,31,0,3.89,IR,2020-02-24 01:00:42,clear sky,0,0
527,Abu Dhabi,24.47,54.37,71.6,83,39,2.24,AE,2020-02-24 00:56:19,scattered clouds,0,0
528,Zhangye,38.93,100.45,28.38,46,64,2.08,CN,2020-02-24 01:00:42,broken clouds,0,0
529,Puerto Baquerizo Moreno,-0.9,-89.6,80.6,88,40,6.93,EC,2020-02-24 00:56:24,scattered clouds,0,0
530,Varnamo,57.19,14.04,36.0,100,40,8.05,SE,2020-02-24 01:00:43,scattered clouds,0,0
531,Bogorodskoye,56.55,37.88,33.31,93,89,12.33,RU,2020-02-24 01:00:43,overcast clouds,0,0
532,Kavaratti,10.57,72.64,81.23,73,100,4.05,IN,2020-02-24 01:00:43,overcast clouds,0,0
533,Halifax,44.65,-63.57,34.0,86,5,11.41,CA,2020-02-24 00:57:40,clear sky,0,0
534,Port Hedland,-20.32,118.57,86.0,62,70,4.7,AU,2020-02-24 01:00:44,broken clouds,0,0
535,Rancho Palos Verdes,33.74,-118.39,66.2,72,20,12.75,US,2020-02-24 01:00:44,few clouds,0,0
536,Morant Bay,17.88,-76.41,80.6,69,75,12.75,JM,2020-02-24 01:00:44,light rain,0,0
537,Mecca,21.43,39.83,69.66,63,100,2.68,SA,2020-02-24 00:58:28,overcast clouds,0,0
538,Gisborne,-38.65,178.0,63.0,71,100,5.99,NZ,2020-02-24 01:00:45,light rain,0.69,0
539,Hoquiam,46.98,-123.89,46.4,70,90,24.16,US,2020-02-24 01:00:45,light rain,0,0
540,Clyde River,70.47,-68.59,-20.2,82,75,17.22,CA,2020-02-24 01:00:45,light snow,0,0
541,Cosenza,39.31,16.25,57.2,76,40,13.87,IT,2020-02-24 01:00:46,scattered clouds,0,0
542,Lastoursville,-0.81,12.73,72.21,96,89,2.71,GA,2020-02-24 01:00:46,overcast clouds,0,0
543,Zeya,53.75,127.27,2.73,94,85,3.89,RU,2020-02-24 01:00:46,overcast clouds,0,0
544,Te Anau,-45.42,167.72,60.04,60,1,5.86,NZ,2020-02-24 01:00:46,clear sky,0,0
545,Micheweni,-4.97,39.83,83.66,79,98,12.06,TZ,2020-02-24 01:00:47,overcast clouds,0,0
546,Saint-Joseph,-21.37,55.62,75.2,69,7,8.05,RE,2020-02-24 01:00:47,clear sky,0,0
547,Petit Goave,18.43,-72.87,80.6,74,40,4.7,HT,2020-02-24 01:00:47,scattered clouds,0,0
548,Chapais,49.78,-74.85,28.4,79,90,10.29,CA,2020-02-24 01:00:47,overcast clouds,0,0
549,Waimana,-38.15,177.08,75.0,56,7,8.01,NZ,2020-02-24 01:00:47,clear sky,0,0
550,Tilichiki,60.47,166.1,-0.27,87,100,7.9,RU,2020-02-24 01:00:48,overcast clouds,0,0
551,Lorengau,-2.02,147.27,83.28,72,63,3.22,PG,2020-02-24 01:00:48,broken clouds,0,0
552,Dunmore East,52.15,-6.99,48.0,98,100,1.99,IE,2020-02-24 01:00:48,light rain,1.69,0
553,Soe,-9.86,124.28,81.77,70,27,1.3,ID,2020-02-24 01:00:48,scattered clouds,0,0
554,Moerai,-22.43,-151.33,81.5,64,56,6.91,PF,2020-02-24 01:00:20,broken clouds,0,0
555,Kabare,-2.47,28.82,60.71,93,93,0.54,CD,2020-02-24 01:00:49,light rain,0.44,0
556,Mahebourg,-20.41,57.7,73.99,77,21,1.01,MU,2020-02-24 01:00:49,light rain,0.25,0
